sentence,aspect,aspect_span,opinion,opinion_span,sentiment
But the staff was so horrible to us .,staff,"[2, 2]",horrible,"[5, 5]",NEG
"To be completely fair , the only redeeming factor was the food , which was above average , but could n't make up for all the other deficiencies of Teodora .",food,"[11, 11]",above average,"[15, 16]",POS
"The food is uniformly exceptional , with a very capable kitchen which will proudly whip up whatever you feel like eating , whether it 's on the menu or not .",food,"[1, 1]",exceptional,"[4, 4]",POS
"The food is uniformly exceptional , with a very capable kitchen which will proudly whip up whatever you feel like eating , whether it 's on the menu or not .",kitchen,"[10, 10]",capable,"[9, 9]",POS
Our agreed favorite is the orrechiete with sausage and chicken ( usually the waiters are kind enough to split the dish in half so you get to sample both meats ) .,orrechiete with sausage and chicken,"[5, 9]",favorite,"[2, 2]",POS
Our agreed favorite is the orrechiete with sausage and chicken ( usually the waiters are kind enough to split the dish in half so you get to sample both meats ) .,waiters,"[13, 13]",kind,"[15, 15]",POS
"The Bagels have an outstanding taste with a terrific texture , both chewy yet not gummy .",Bagels,"[1, 1]",outstanding,"[4, 4]",POS
"The Bagels have an outstanding taste with a terrific texture , both chewy yet not gummy .",Bagels,"[1, 1]",terrific,"[8, 8]",POS
"The Bagels have an outstanding taste with a terrific texture , both chewy yet not gummy .",Bagels,"[1, 1]",chewy,"[12, 12]",POS
"The Bagels have an outstanding taste with a terrific texture , both chewy yet not gummy .",Bagels,"[1, 1]",gummy,"[15, 15]",POS
Nevertheless the food itself is pretty good .,food,"[2, 2]",good,"[6, 6]",POS
"They did not have mayonnaise , forgot our toast , left out ingredients ( ie cheese in an omelet ) , below hot temperatures and the bacon was so over cooked it crumbled on the plate when you touched it .",toast,"[8, 8]",forgot,"[6, 6]",NEG
"They did not have mayonnaise , forgot our toast , left out ingredients ( ie cheese in an omelet ) , below hot temperatures and the bacon was so over cooked it crumbled on the plate when you touched it .",bacon,"[26, 26]",over cooked,"[29, 30]",NEG
"They did not have mayonnaise , forgot our toast , left out ingredients ( ie cheese in an omelet ) , below hot temperatures and the bacon was so over cooked it crumbled on the plate when you touched it .",cheese,"[15, 15]",left out,"[10, 11]",NEU
"They did not have mayonnaise , forgot our toast , left out ingredients ( ie cheese in an omelet ) , below hot temperatures and the bacon was so over cooked it crumbled on the plate when you touched it .",ingredients,"[12, 12]",left out,"[10, 11]",NEG
"They did not have mayonnaise , forgot our toast , left out ingredients ( ie cheese in an omelet ) , below hot temperatures and the bacon was so over cooked it crumbled on the plate when you touched it .",plate,"[35, 35]",over cooked,"[29, 30]",NEU
"They did not have mayonnaise , forgot our toast , left out ingredients ( ie cheese in an omelet ) , below hot temperatures and the bacon was so over cooked it crumbled on the plate when you touched it .",omelet,"[18, 18]",left out,"[10, 11]",NEU
The design and atmosphere is just as good .,design,"[1, 1]",good,"[7, 7]",POS
The design and atmosphere is just as good .,atmosphere,"[3, 3]",good,"[7, 7]",POS
The seats are uncomfortable if you are sitting against the wall on wooden benches .,seats,"[1, 1]",uncomfortable,"[3, 3]",NEG
My suggestion is to eat family style because you 'll want to try the other dishes .,eat family style,"[4, 6]",suggestion,"[1, 1]",POS
"Best of all is the warm vibe , the owner is super friendly and service is fast .",vibe,"[6, 6]",warm,"[5, 5]",POS
"Best of all is the warm vibe , the owner is super friendly and service is fast .",owner,"[9, 9]",friendly,"[12, 12]",POS
"Best of all is the warm vibe , the owner is super friendly and service is fast .",service,"[14, 14]",fast,"[16, 16]",POS
Faan 's got a great concept but a little rough on the delivery .,delivery,"[12, 12]",rough,"[9, 9]",NEG
"From the incredible food , to the warm atmosphere , to the friendly service , this downtown neighborhood spot does n't miss a beat .",food,"[3, 3]",incredible,"[2, 2]",POS
"From the incredible food , to the warm atmosphere , to the friendly service , this downtown neighborhood spot does n't miss a beat .",atmosphere,"[8, 8]",warm,"[7, 7]",POS
"From the incredible food , to the warm atmosphere , to the friendly service , this downtown neighborhood spot does n't miss a beat .",service,"[13, 13]",friendly,"[12, 12]",POS
"Great food at REASONABLE prices , makes for an evening that ca n't be beat !",food,"[1, 1]",Great,"[0, 0]",POS
"Great food at REASONABLE prices , makes for an evening that ca n't be beat !",prices,"[4, 4]",REASONABLE,"[3, 3]",POS
this little place has a cute interior decor and affordable city prices .,interior decor,"[6, 7]",cute,"[5, 5]",POS
this little place has a cute interior decor and affordable city prices .,prices,"[11, 11]",affordable,"[9, 9]",POS
Two words : Free wine .,wine,"[4, 4]",Free,"[3, 3]",POS
The price is reasonable although the service is poor .,price,"[1, 1]",reasonable,"[3, 3]",POS
The price is reasonable although the service is poor .,service,"[6, 6]",poor,"[8, 8]",NEG
"The quantity is also very good , you will come out satisfied .",quantity,"[1, 1]",good,"[5, 5]",POS
"The quantity is also very good , you will come out satisfied .",quantity,"[1, 1]",satisfied,"[11, 11]",POS
The fried rice is amazing here .,fried rice,"[1, 2]",amazing,"[4, 4]",POS
"Three courses - choices include excellent mussels , puff pastry goat cheese and salad with a delicious dressing , and a hanger steak au poivre that is out of this world .",mussels,"[6, 6]",excellent,"[5, 5]",POS
"Three courses - choices include excellent mussels , puff pastry goat cheese and salad with a delicious dressing , and a hanger steak au poivre that is out of this world .",puff pastry goat cheese,"[8, 11]",excellent,"[5, 5]",POS
"Three courses - choices include excellent mussels , puff pastry goat cheese and salad with a delicious dressing , and a hanger steak au poivre that is out of this world .",salad with a delicious dressing,"[13, 17]",delicious,"[16, 16]",POS
"Three courses - choices include excellent mussels , puff pastry goat cheese and salad with a delicious dressing , and a hanger steak au poivre that is out of this world .",hanger steak au poivre,"[21, 24]",out of this world,"[27, 30]",POS
The place is so cool and the service is prompt and curtious .,service,"[7, 7]",prompt,"[9, 9]",POS
The place is so cool and the service is prompt and curtious .,service,"[7, 7]",curtious,"[11, 11]",POS
The place is so cool and the service is prompt and curtious .,place,"[1, 1]",cool,"[4, 4]",POS
At the end you 're left with a mild broth with noodles that you can slurp out of a cup .,broth with noodles,"[9, 11]",mild,"[8, 8]",POS
I just wonder how you can have such a delicious meal for such little money .,meal,"[10, 10]",delicious,"[9, 9]",POS
I just wonder how you can have such a delicious meal for such little money .,money,"[14, 14]",little,"[13, 13]",POS
The wine list is excellent .,wine list,"[1, 2]",excellent,"[4, 4]",POS
"Ive been to many Thai restaurants in Manhattan before , and Toons is by far the best Thai food Ive had ( except for my mom 's of course ) .",Thai food,"[17, 18]",best,"[16, 16]",POS
This is a consistently great place to dine for lunch or dinner .,dine,"[7, 7]",great,"[4, 4]",POS
"Nice atmosphere , the service was very pleasant and the desert was good .",atmosphere,"[1, 1]",Nice,"[0, 0]",POS
"Nice atmosphere , the service was very pleasant and the desert was good .",service,"[4, 4]",pleasant,"[7, 7]",POS
"Nice atmosphere , the service was very pleasant and the desert was good .",desert,"[10, 10]",good,"[12, 12]",POS
After really enjoying ourselves at the bar we sat down at a table and had dinner .,bar,"[6, 6]",enjoying,"[2, 2]",POS
After really enjoying ourselves at the bar we sat down at a table and had dinner .,table,"[12, 12]",enjoying,"[2, 2]",NEU
After really enjoying ourselves at the bar we sat down at a table and had dinner .,dinner,"[15, 15]",enjoying,"[2, 2]",NEU
I liked the beer selection !,beer selection,"[3, 4]",liked,"[1, 1]",POS
"Great food , good size menu , great service and an unpretentious setting .",food,"[1, 1]",Great,"[0, 0]",POS
"Great food , good size menu , great service and an unpretentious setting .",menu,"[5, 5]",good,"[3, 3]",POS
"Great food , good size menu , great service and an unpretentious setting .",service,"[8, 8]",great,"[7, 7]",POS
"Great food , good size menu , great service and an unpretentious setting .",setting,"[12, 12]",unpretentious,"[11, 11]",POS
Wine list selection is good and wine-by-the-glass was generously filled to the top .,Wine list selection,"[0, 2]",good,"[4, 4]",POS
Wine list selection is good and wine-by-the-glass was generously filled to the top .,wine-by-the-glass,"[6, 6]",generously filled,"[8, 9]",POS
The menu is very limited - i think we counted 4 or 5 entrees .,menu,"[1, 1]",limited,"[4, 4]",NEG
The menu is limited but almost all of the dishes are excellent .,menu,"[1, 1]",limited,"[3, 3]",NEG
The menu is limited but almost all of the dishes are excellent .,dishes,"[9, 9]",excellent,"[11, 11]",POS
"Great bagels , spreads and a good place to hang out in .",bagels,"[1, 1]",Great,"[0, 0]",POS
"Great bagels , spreads and a good place to hang out in .",spreads,"[3, 3]",Great,"[0, 0]",POS
"Unfortunately , the food is outstanding , but everything else about this restaurant is the pits .",food,"[3, 3]",outstanding,"[5, 5]",POS
We always have a delicious meal and always leave feeling satisfied .,meal,"[5, 5]",delicious,"[4, 4]",POS
First went here to enjoy their garden terrace .,garden terrace,"[6, 7]",enjoy,"[4, 4]",POS
The pizza was pretty good and huge .,pizza,"[1, 1]",good,"[4, 4]",POS
The pizza was pretty good and huge .,pizza,"[1, 1]",huge,"[6, 6]",POS
"The cuisine from what I 've gathered is authentic Taiwanese , though its very different from what I 've been accustomed to in Taipei .",cuisine,"[1, 1]",different,"[14, 14]",NEU
I almost hesititate to write a review because the atmosphere was so great and I would hate for it too become to crowded .,atmosphere,"[9, 9]",great,"[12, 12]",POS
They are often crowded on the weekends but they are efficient and accurate with their service .,service,"[15, 15]",efficient,"[10, 10]",POS
They are often crowded on the weekends but they are efficient and accurate with their service .,service,"[15, 15]",accurate,"[12, 12]",POS
They are often crowded on the weekends but they are efficient and accurate with their service .,crowded,"[3, 3]",crowded,"[3, 3]",NEG
"The atmosphere is unheralded , the service impeccable , and the food magnificant .",atmosphere,"[1, 1]",unheralded,"[3, 3]",POS
"The atmosphere is unheralded , the service impeccable , and the food magnificant .",service,"[6, 6]",impeccable,"[7, 7]",POS
"The atmosphere is unheralded , the service impeccable , and the food magnificant .",food,"[11, 11]",magnificant,"[12, 12]",POS
"We ordered the special , grilled branzino , that was so infused with bone , it was difficult to eat .",grilled branzino,"[5, 6]",difficult to eat,"[17, 19]",NEG
Right off the L in Brooklyn this is a nice cozy place with good pizza .,pizza,"[14, 14]",good,"[13, 13]",POS
Right off the L in Brooklyn this is a nice cozy place with good pizza .,place,"[11, 11]",nice cozy,"[9, 10]",POS
Le Pere Pinard has a $ 15 pre-theater menu that is outstanding .,pre-theater menu,"[7, 8]",outstanding,"[11, 11]",POS
The strong scents coming from the left and right of me negatively affected my taste buds .,scents,"[2, 2]",strong,"[1, 1]",NEG
We had the lobster sandwich and it was FANTASTIC .,lobster sandwich,"[3, 4]",FANTASTIC,"[8, 8]",POS
"Though the Spider Roll may look like a challenge to eat , with soft shell crab hanging out of the roll , it is well worth the price you pay for them .",price,"[27, 27]",well worth,"[24, 25]",POS
"Though the Spider Roll may look like a challenge to eat , with soft shell crab hanging out of the roll , it is well worth the price you pay for them .",shell crab,"[14, 15]",soft,"[13, 13]",POS
Deep Fried Skewers are good and still rare to find in NYC .,Deep Fried Skewers,"[0, 2]",good,"[4, 4]",POS
Deep Fried Skewers are good and still rare to find in NYC .,Deep Fried Skewers,"[0, 2]",rare,"[7, 7]",POS
I also recommend the rice dishes or the different varieties of congee ( rice porridge ) .,rice dishes,"[4, 5]",recommend,"[2, 2]",POS
I also recommend the rice dishes or the different varieties of congee ( rice porridge ) .,congee ( rice porridge ),"[11, 15]",recommend,"[2, 2]",POS
Their tuna tartar appetizer is to die for .,tuna tartar appetizer,"[1, 3]",die for,"[6, 7]",POS
"An oasis of refinement : Food , though somewhat uneven , often reaches the pinnacles of new American fine cuisine - chef 's passion ( and kitchen 's precise execution ) is most evident in the fish dishes and soups .",chef,"[21, 21]",passion,"[23, 23]",POS
"An oasis of refinement : Food , though somewhat uneven , often reaches the pinnacles of new American fine cuisine - chef 's passion ( and kitchen 's precise execution ) is most evident in the fish dishes and soups .",fish dishes,"[36, 37]",evident,"[33, 33]",POS
"An oasis of refinement : Food , though somewhat uneven , often reaches the pinnacles of new American fine cuisine - chef 's passion ( and kitchen 's precise execution ) is most evident in the fish dishes and soups .",soups,"[39, 39]",evident,"[33, 33]",POS
"An oasis of refinement : Food , though somewhat uneven , often reaches the pinnacles of new American fine cuisine - chef 's passion ( and kitchen 's precise execution ) is most evident in the fish dishes and soups .",kitchen,"[26, 26]",precise execution,"[28, 29]",POS
"If you love wine and cheese and delicious french fare , you 'll love Artisanal !",wine,"[3, 3]",love,"[2, 2]",POS
"If you love wine and cheese and delicious french fare , you 'll love Artisanal !",french fare,"[8, 9]",love,"[2, 2]",POS
"If you love wine and cheese and delicious french fare , you 'll love Artisanal !",cheese,"[5, 5]",love,"[2, 2]",POS
I love Indian food and consider myself to be quite an expert on it .,Indian food,"[2, 3]",love,"[1, 1]",POS
The lava cake dessert was incredible and I recommend it .,lava cake dessert,"[1, 3]",incredible,"[5, 5]",POS
The lava cake dessert was incredible and I recommend it .,lava cake dessert,"[1, 3]",recommend,"[8, 8]",POS
"From the terrible service , to the bland food , not to mention the unaccommodating managers , the overall experience was horrible .",service,"[3, 3]",terrible,"[2, 2]",NEG
"From the terrible service , to the bland food , not to mention the unaccommodating managers , the overall experience was horrible .",food,"[8, 8]",bland,"[7, 7]",NEG
"From the terrible service , to the bland food , not to mention the unaccommodating managers , the overall experience was horrible .",managers,"[15, 15]",unaccommodating,"[14, 14]",NEG
Lahore is a great place to duck into late-night when you need some really tasty food on the cheap -- you 'll likely have trouble finishing the amount of food you get for FOUR DOLLARS .,food,"[15, 15]",tasty,"[14, 14]",POS
good selection of wines ranging from affordable to high end .,selection of wines,"[1, 3]",good,"[0, 0]",POS
"Nice restaurant overall , with classic upscale Italian decor .",Italian decor,"[7, 8]",classic upscale,"[5, 6]",POS
Not impressed with the food .,food,"[4, 4]",Not impressed,"[0, 1]",NEG
The entire dining experience was wonderful !,dining experience,"[2, 3]",wonderful,"[5, 5]",POS
The wine selection ( by the glass and bottle ) is wonderful and I always recommend that friends make a reservation if they 're going to be in town .,wine selection,"[1, 2]",wonderful,"[11, 11]",POS
The wine selection ( by the glass and bottle ) is wonderful and I always recommend that friends make a reservation if they 're going to be in town .,reservation,"[20, 20]",recommend,"[15, 15]",NEU
"Order the panang duck , it 's fantastic .",panang duck,"[2, 3]",fantastic,"[7, 7]",POS
"Food is usually very good , though ocasionally I wondered about freshmess of raw vegatables in side orders .",raw vegatables,"[13, 14]",wondered,"[9, 9]",NEG
"Other than the crappy service from two individuals , it 's great .",service,"[4, 4]",crappy,"[3, 3]",NEG
They have authentic Indian at amazin prices .,Indian,"[3, 3]",authentic,"[2, 2]",POS
They have authentic Indian at amazin prices .,prices,"[6, 6]",amazin,"[5, 5]",POS
Ambiance -- relaxed and stylish .,Ambiance,"[0, 0]",relaxed,"[2, 2]",POS
Ambiance -- relaxed and stylish .,Ambiance,"[0, 0]",stylish,"[4, 4]",POS
"Yes , they use fancy ingredients , but even fancy ingredients do n't make for good pizza unless someone knows how to get the crust right .",ingredients,"[5, 5]",fancy,"[4, 4]",POS
"Yes , they use fancy ingredients , but even fancy ingredients do n't make for good pizza unless someone knows how to get the crust right .",pizza,"[16, 16]",good,"[15, 15]",NEG
and yes Dal Bukhara is so dam good and so are all the kababs .,kababs,"[13, 13]",good,"[7, 7]",POS
and yes Dal Bukhara is so dam good and so are all the kababs .,Dal Bukhara,"[2, 3]",good,"[7, 7]",POS
I look forward to eating here again,eating,"[4, 4]",look forward,"[1, 2]",POS
Tuk Tuk is one of those comfortable neighborhood joints where you know you will always have a good meal at a fair price .,meal,"[18, 18]",good,"[17, 17]",POS
Tuk Tuk is one of those comfortable neighborhood joints where you know you will always have a good meal at a fair price .,price,"[22, 22]",fair,"[21, 21]",POS
"A glass of Leaping Lizard , a glass of prosecco , and the mussels had everything happy .",glass of prosecco,"[7, 9]",happy,"[16, 16]",POS
"A glass of Leaping Lizard , a glass of prosecco , and the mussels had everything happy .",mussels,"[13, 13]",happy,"[16, 16]",POS
"A glass of Leaping Lizard , a glass of prosecco , and the mussels had everything happy .",glass of Leaping Lizard,"[1, 4]",happy,"[16, 16]",POS
"Food was average and creme brulee was awful - the sugar was charred , not caramelized and smelled of kerosene .",Food,"[0, 0]",average,"[2, 2]",NEU
"Food was average and creme brulee was awful - the sugar was charred , not caramelized and smelled of kerosene .",creme brulee,"[4, 5]",awful,"[7, 7]",NEG
"Food was average and creme brulee was awful - the sugar was charred , not caramelized and smelled of kerosene .",sugar,"[10, 10]",charred,"[12, 12]",NEG
The food always tastes fresh and served promptly .,food,"[1, 1]",fresh,"[4, 4]",POS
The food always tastes fresh and served promptly .,served,"[6, 6]",promptly,"[7, 7]",POS
The pizza here is delicious .,pizza,"[1, 1]",delicious,"[4, 4]",POS
"This place is really trendi but they have forgotten about the most important part of a restaurant , the food .",food,"[19, 19]",forgotten,"[8, 8]",NEG
Hats off to the chef .,chef,"[4, 4]",Hats off,"[0, 1]",POS
"The pizza is delicious - they use fresh mozzarella instead of the cheap , frozen , shredded cheese common to most pizzaria 's .",pizza,"[1, 1]",delicious,"[3, 3]",POS
"The pizza is delicious - they use fresh mozzarella instead of the cheap , frozen , shredded cheese common to most pizzaria 's .",fresh mozzarella,"[7, 8]",fresh,"[7, 7]",POS
"The pizza is delicious - they use fresh mozzarella instead of the cheap , frozen , shredded cheese common to most pizzaria 's .",cheese,"[17, 17]",cheap,"[12, 12]",NEG
"The pizza is delicious - they use fresh mozzarella instead of the cheap , frozen , shredded cheese common to most pizzaria 's .",cheese,"[17, 17]",frozen,"[14, 14]",NEG
"The pizza is delicious - they use fresh mozzarella instead of the cheap , frozen , shredded cheese common to most pizzaria 's .",cheese,"[17, 17]",shredded,"[16, 16]",NEG
Its an excellent place to relax and the food is one of the best in the city of New York .,place,"[3, 3]",excellent,"[2, 2]",POS
Its an excellent place to relax and the food is one of the best in the city of New York .,food,"[8, 8]",best,"[13, 13]",POS
"service is friendly , and never had a problem walking in and getting a table .",service,"[0, 0]",friendly,"[2, 2]",POS
"service is friendly , and never had a problem walking in and getting a table .",getting a table,"[12, 14]",never had a problem,"[5, 8]",POS
The atmosphere was crowded but it was a great bistro-type vibe .,bistro-type vibe,"[9, 10]",great,"[8, 8]",POS
"First off , the waitress was completely unattentive the 2 times we saw her ( odd in a restaurant with 6 tables ) and got our order wrong .",waitress,"[4, 4]",unattentive,"[7, 7]",NEG
The food was bland oily .,food,"[1, 1]",bland oily,"[3, 4]",NEG
"What is even better , is that the prices are very affordable as well , and the food is really good .",prices,"[8, 8]",affordable,"[11, 11]",POS
"What is even better , is that the prices are very affordable as well , and the food is really good .",food,"[17, 17]",good,"[20, 20]",POS
The fish is fresh but the variety of fish is nothing out of ordinary .,fish,"[1, 1]",fresh,"[3, 3]",POS
The fish is fresh but the variety of fish is nothing out of ordinary .,variety of fish,"[6, 8]",ordinary,"[13, 13]",NEG
"Our favorite meal is a pesto pizza , the house salad , and a good bottle of wine .",pesto pizza,"[5, 6]",favorite,"[1, 1]",POS
"Our favorite meal is a pesto pizza , the house salad , and a good bottle of wine .",house salad,"[9, 10]",favorite,"[1, 1]",POS
"Our favorite meal is a pesto pizza , the house salad , and a good bottle of wine .",bottle of wine,"[15, 17]",good,"[14, 14]",POS
"Our favorite meal is a pesto pizza , the house salad , and a good bottle of wine .",meal,"[2, 2]",favorite,"[1, 1]",POS
"Ambiance and music funky , which I enjoy .",Ambiance,"[0, 0]",funky,"[3, 3]",POS
"Ambiance and music funky , which I enjoy .",Ambiance,"[0, 0]",enjoy,"[7, 7]",POS
"Ambiance and music funky , which I enjoy .",music,"[2, 2]",funky,"[3, 3]",POS
"Ambiance and music funky , which I enjoy .",music,"[2, 2]",enjoy,"[7, 7]",POS
"The food , drinks and service are clearly among the best in the city .",food,"[1, 1]",best,"[10, 10]",POS
"The food , drinks and service are clearly among the best in the city .",drinks,"[3, 3]",best,"[10, 10]",POS
"The food , drinks and service are clearly among the best in the city .",service,"[5, 5]",best,"[10, 10]",POS
"Granted the space is smaller than most , it is the best service you will find in even the largest of restaurants .",space,"[2, 2]",smaller,"[4, 4]",NEG
"Granted the space is smaller than most , it is the best service you will find in even the largest of restaurants .",service,"[12, 12]",best,"[11, 11]",POS
I love the atmorphere @ peep !,atmorphere,"[3, 3]",love,"[1, 1]",POS
The service was attentive and her suggestions of menu items was right on the mark .,service,"[1, 1]",attentive,"[3, 3]",POS
The service was attentive and her suggestions of menu items was right on the mark .,menu items,"[8, 9]",right,"[11, 11]",POS
The other night we had the $ 30 three course meal and everything was delicious - if I could of licked the plate clean I would of .,three course meal,"[8, 10]",delicious,"[14, 14]",POS
"Even after getting pushed out by the no-class Famous Ray 's , Sal has risen again to carry on his father 's uncle 's legacies with a smile , true love for his community , and let 's not forget the Outstanding Pizza !",Pizza,"[42, 42]",Outstanding,"[41, 41]",POS
"The environment is romantic , but the food is horrible , the service is pathetic , and gabriella lies about everything she could .",environment,"[1, 1]",romantic,"[3, 3]",POS
"The environment is romantic , but the food is horrible , the service is pathetic , and gabriella lies about everything she could .",food,"[7, 7]",horrible,"[9, 9]",NEG
"The environment is romantic , but the food is horrible , the service is pathetic , and gabriella lies about everything she could .",service,"[12, 12]",pathetic,"[14, 14]",NEG
"We had crawfish boiled and despite making a mess , it was a ton of fun and quite tasty as well .",crawfish boiled,"[2, 3]",fun,"[15, 15]",POS
"We had crawfish boiled and despite making a mess , it was a ton of fun and quite tasty as well .",crawfish boiled,"[2, 3]",tasty,"[18, 18]",POS
What came to our table was burned beyond recognition and stringy .,table,"[4, 4]",burned,"[6, 6]",NEU
I had the Pad Thai and the noodles were sticky .,Pad Thai,"[3, 4]",sticky,"[9, 9]",NEG
I had the Pad Thai and the noodles were sticky .,noodles,"[7, 7]",sticky,"[9, 9]",NEG
The hostess is rude to the point of being offensive .,hostess,"[1, 1]",rude,"[3, 3]",NEG
The hostess is rude to the point of being offensive .,hostess,"[1, 1]",offensive,"[9, 9]",NEG
"If you 're craving for Haru 's great food , especially the House Roll , but ca n't stand the wait building outisde , head across the street to their Sake Bar !",food,"[8, 8]",great,"[7, 7]",POS
"A narrow corridor leads to a tiny space where there are three tiny white tiled counters , a great deal of mess ( stacks of bottles , cans ) and a small counter holding 12-14 entrees .",corridor,"[2, 2]",narrow,"[1, 1]",NEG
"A narrow corridor leads to a tiny space where there are three tiny white tiled counters , a great deal of mess ( stacks of bottles , cans ) and a small counter holding 12-14 entrees .",space,"[7, 7]",tiny,"[6, 6]",NEG
"A narrow corridor leads to a tiny space where there are three tiny white tiled counters , a great deal of mess ( stacks of bottles , cans ) and a small counter holding 12-14 entrees .",counters,"[15, 15]",tiny,"[12, 12]",NEG
"A narrow corridor leads to a tiny space where there are three tiny white tiled counters , a great deal of mess ( stacks of bottles , cans ) and a small counter holding 12-14 entrees .",entrees,"[35, 35]",small,"[31, 31]",NEU
The food is great .,food,"[1, 1]",great,"[3, 3]",POS
All conveniently delivered right to the door .,delivered,"[2, 2]",conveniently,"[1, 1]",POS
"I also ordered the Change Mojito , which was out of this world .",Change Mojito,"[4, 5]",out of this world,"[9, 12]",POS
Okay service .,service,"[1, 1]",Okay,"[0, 0]",NEU
The only thing more wonderful than the food ( which is exceptional ) is the service .,food,"[7, 7]",exceptional,"[11, 11]",POS
The only thing more wonderful than the food ( which is exceptional ) is the service .,service,"[15, 15]",wonderful,"[4, 4]",POS
"The anti-pasta was excellent , especially the calamari , as were the filling pasta mains .",anti-pasta,"[1, 1]",excellent,"[3, 3]",POS
"The anti-pasta was excellent , especially the calamari , as were the filling pasta mains .",calamari,"[7, 7]",excellent,"[3, 3]",POS
"The anti-pasta was excellent , especially the calamari , as were the filling pasta mains .",filling pasta mains,"[12, 14]",excellent,"[3, 3]",POS
The waitress suggested glasses of wine that went very well with the food .,glasses of wine,"[3, 5]",went very well with the food,"[7, 12]",POS
"They might be all business at the counter when you give your order , but their food says I love you .",food,"[16, 16]",love,"[19, 19]",POS
"They might be all business at the counter when you give your order , but their food says I love you .",counter,"[7, 7]",love,"[19, 19]",NEG
"We are very particular about sushi and were both please with every choice which included : ceviche mix ( special ) , crab dumplings , assorted sashimi , sushi and rolls , two types of sake , and the banana tempura .",ceviche mix ( special ),"[16, 20]",please,"[9, 9]",POS
"We are very particular about sushi and were both please with every choice which included : ceviche mix ( special ) , crab dumplings , assorted sashimi , sushi and rolls , two types of sake , and the banana tempura .",crab dumplings,"[22, 23]",please,"[9, 9]",POS
"We are very particular about sushi and were both please with every choice which included : ceviche mix ( special ) , crab dumplings , assorted sashimi , sushi and rolls , two types of sake , and the banana tempura .",assorted sashimi,"[25, 26]",please,"[9, 9]",POS
"We are very particular about sushi and were both please with every choice which included : ceviche mix ( special ) , crab dumplings , assorted sashimi , sushi and rolls , two types of sake , and the banana tempura .",sushi,"[5, 5]",particular,"[3, 3]",POS
"We are very particular about sushi and were both please with every choice which included : ceviche mix ( special ) , crab dumplings , assorted sashimi , sushi and rolls , two types of sake , and the banana tempura .",rolls,"[30, 30]",please,"[9, 9]",POS
"We are very particular about sushi and were both please with every choice which included : ceviche mix ( special ) , crab dumplings , assorted sashimi , sushi and rolls , two types of sake , and the banana tempura .",sake,"[35, 35]",please,"[9, 9]",POS
"We are very particular about sushi and were both please with every choice which included : ceviche mix ( special ) , crab dumplings , assorted sashimi , sushi and rolls , two types of sake , and the banana tempura .",banana tempura,"[39, 40]",please,"[9, 9]",POS
Good luck getting a table .,getting a table,"[2, 4]",Good luck,"[0, 1]",NEG
"The takeout menu says to keep an eye out for an expanded menu offering more italian dishes , I ca n't wait !",menu,"[12, 12]",expanded,"[11, 11]",POS
"The takeout menu says to keep an eye out for an expanded menu offering more italian dishes , I ca n't wait !",italian dishes,"[15, 16]",more,"[14, 14]",POS
The pizza is good though .,pizza,"[1, 1]",good,"[3, 3]",POS
bottles of wine are cheap and good .,bottles of wine,"[0, 2]",cheap,"[4, 4]",POS
bottles of wine are cheap and good .,bottles of wine,"[0, 2]",good,"[6, 6]",POS
"The have over 100 different beers to offer thier guest so that made my husband very happy and the food was delicious , if I must recommend a dish it must be the pumkin tortelini .",beers,"[5, 5]",happy,"[16, 16]",POS
"The have over 100 different beers to offer thier guest so that made my husband very happy and the food was delicious , if I must recommend a dish it must be the pumkin tortelini .",food,"[19, 19]",delicious,"[21, 21]",POS
"The have over 100 different beers to offer thier guest so that made my husband very happy and the food was delicious , if I must recommend a dish it must be the pumkin tortelini .",pumkin tortelini,"[33, 34]",recommend,"[26, 26]",POS
You must have the crabmeat lasagna which is out of this world and the chocolate bread pudding for dessert .,crabmeat lasagna,"[4, 5]",out of this world,"[8, 11]",POS
Very good service and very good prices .,service,"[2, 2]",good,"[1, 1]",POS
Very good service and very good prices .,prices,"[6, 6]",good,"[5, 5]",POS
"The service was impeccable and unobtrusive -- the staff knows what they are there to do -- to know their menu , present your meal , and attend to your needs .",service,"[1, 1]",impeccable,"[3, 3]",POS
"The service was impeccable and unobtrusive -- the staff knows what they are there to do -- to know their menu , present your meal , and attend to your needs .",service,"[1, 1]",unobtrusive,"[5, 5]",POS
Our food was great too !,food,"[1, 1]",great,"[3, 3]",POS
"The most annoying thing , though , is the fact that the servers seem to be trained to drive revenue .",servers,"[12, 12]",annoying,"[2, 2]",NEG
"Please try the Filet Mignon , its just the most tender piece ever .",Filet Mignon,"[3, 4]",tender,"[10, 10]",POS
the drinks are amazing and half off till 8pm .,drinks,"[1, 1]",amazing,"[3, 3]",POS
i 've been back to nha trang literally a hundred times for the beef cubes - they 're that good .,beef cubes,"[13, 14]",good,"[19, 19]",POS
"We were seated promptly as we had reservations , however after that the service was slow .",service,"[13, 13]",slow,"[15, 15]",NEG
"The food was pretty good , but a little flavorless and the portions very small , including dessert .",dessert,"[17, 17]",small,"[14, 14]",NEG
"The food was pretty good , but a little flavorless and the portions very small , including dessert .",portions,"[12, 12]",small,"[14, 14]",NEG
Lived in Shanghai most of my life and thought the food was comparable to the flagship Green Bo restaurant there .,food,"[10, 10]",comparable,"[12, 12]",POS
"I highly recommend Cafe St. Bart 's for their food , the ambience and wonderful service .",food,"[9, 9]",recommend,"[2, 2]",POS
"I highly recommend Cafe St. Bart 's for their food , the ambience and wonderful service .",ambience,"[12, 12]",recommend,"[2, 2]",POS
"I highly recommend Cafe St. Bart 's for their food , the ambience and wonderful service .",service,"[15, 15]",recommend,"[2, 2]",POS
"I highly recommend Cafe St. Bart 's for their food , the ambience and wonderful service .",service,"[15, 15]",wonderful,"[14, 14]",POS
All the NYU students love this place so it makes for a fun young atmosphere .,atmosphere,"[14, 14]",fun young,"[12, 13]",POS
The food here does a great service to the name ( Cantonese that is ... ) .,food,"[1, 1]",great,"[5, 5]",POS
The food here does a great service to the name ( Cantonese that is ... ) .,Cantonese,"[11, 11]",great,"[5, 5]",POS
"But , nothing stands out about the cooking .",cooking,"[7, 7]",nothing stands out,"[2, 4]",NEU
Joya used to be a cool spot with decent food and a colorful - if not relaxed - atmosphere .,food,"[9, 9]",decent,"[8, 8]",POS
Joya used to be a cool spot with decent food and a colorful - if not relaxed - atmosphere .,atmosphere,"[18, 18]",colorful,"[12, 12]",POS
The Prix Fixe menu is worth every penny and you get more than enough ( both in quantity AND quality ) .,Prix Fixe menu,"[1, 3]",worth,"[5, 5]",POS
The Prix Fixe menu is worth every penny and you get more than enough ( both in quantity AND quality ) .,quantity,"[17, 17]",more than enough,"[11, 13]",POS
The Prix Fixe menu is worth every penny and you get more than enough ( both in quantity AND quality ) .,quality,"[19, 19]",more than enough,"[11, 13]",POS
"I work near-by , and they have the BEST oatmeal in the neighborhood- not a packaged or quick-cooked item .",oatmeal,"[9, 9]",BEST,"[8, 8]",POS
Too bad the food was n't of the same heritage .,food,"[3, 3]",bad,"[1, 1]",NEG
"The menu looked good , except for offering the Chilean Sea Bass , but the server does not offer up the specials that were written on the board outside .",menu,"[1, 1]",good,"[3, 3]",POS
"The menu looked good , except for offering the Chilean Sea Bass , but the server does not offer up the specials that were written on the board outside .",Chilean Sea Bass,"[9, 11]",except,"[5, 5]",NEG
"Since it literally is a complete hole in the wall , it 's a bit intimidating at first , but you get over that very quickly as soon as the friendly staff welcomes you - do n't hesitate to ask for help with what to get .",staff,"[31, 31]",friendly,"[30, 30]",POS
"When he finally did , he was unable to make a gin and tonic -- could n't find tonic .",gin and tonic,"[11, 13]",unable,"[7, 7]",NEU
"The dim sum is ok but does n't taste that fresh , and the little dishes do n't look steamy hot as they should ( also note lack of Chinese here ) .",dim sum,"[1, 2]",ok,"[4, 4]",NEG
"The dim sum is ok but does n't taste that fresh , and the little dishes do n't look steamy hot as they should ( also note lack of Chinese here ) .",little dishes,"[14, 15]",do n't look steamy hot,"[16, 20]",NEG
"The service is ok , some of the people did n't get what they asked for .",service,"[1, 1]",ok,"[3, 3]",NEU
If you want good authentic Thai this place is not the place to go .,Thai,"[5, 5]",good authentic,"[3, 4]",NEG
I recommend getting a reservation even though we saw people seated without one .,reservation,"[4, 4]",recommend,"[1, 1]",NEU
Staff is very accomodating .,Staff,"[0, 0]",accomodating,"[3, 3]",POS
Very popular style Izakaya ( Sake and small portion of sake-friendly dishes ) .,dishes,"[11, 11]",sake-friendly,"[10, 10]",POS
Very popular style Izakaya ( Sake and small portion of sake-friendly dishes ) .,portion,"[8, 8]",small,"[7, 7]",NEU
"The food was terrific and the service classy , attentive , without being overbearing .",food,"[1, 1]",terrific,"[3, 3]",POS
"The food was terrific and the service classy , attentive , without being overbearing .",service,"[6, 6]",classy,"[7, 7]",POS
"The food was terrific and the service classy , attentive , without being overbearing .",service,"[6, 6]",attentive,"[9, 9]",POS
"The food was terrific and the service classy , attentive , without being overbearing .",service,"[6, 6]",without being overbearing,"[11, 13]",POS
This is an amazing place to try some roti rolls .,roti rolls,"[8, 9]",try,"[6, 6]",POS
Fresh ingredients and everything is made to order .,ingredients,"[1, 1]",Fresh,"[0, 0]",POS
"We have never had any problems with charging the meal or the tip , and the food was delivered quickly , but we live only a few minutes walk from them .",meal,"[9, 9]",never had any problems,"[2, 5]",POS
"We have never had any problems with charging the meal or the tip , and the food was delivered quickly , but we live only a few minutes walk from them .",food,"[16, 16]",delivered quickly,"[18, 19]",POS
"We have never had any problems with charging the meal or the tip , and the food was delivered quickly , but we live only a few minutes walk from them .",tip,"[12, 12]",quickly,"[19, 19]",POS
Quick and friendly service .,service,"[3, 3]",Quick,"[0, 0]",POS
Quick and friendly service .,service,"[3, 3]",friendly,"[2, 2]",POS
"Try the hot dogs too , they 're snappy and delicious .",hot dogs,"[2, 3]",Try,"[0, 0]",POS
"Try the hot dogs too , they 're snappy and delicious .",hot dogs,"[2, 3]",snappy,"[8, 8]",POS
"Try the hot dogs too , they 're snappy and delicious .",hot dogs,"[2, 3]",delicious,"[10, 10]",POS
"The noise level was unbearable , conversation impossible .",noise level,"[1, 2]",unbearable,"[4, 4]",NEG
Personal pans are the perfect size for those hungry nights .,Personal pans,"[0, 1]",perfect,"[4, 4]",POS
Highly recommended is the Spicy Fried Clam Rolls and Spider Rolls .,Spicy Fried Clam Rolls,"[4, 7]",recommended,"[1, 1]",POS
Highly recommended is the Spicy Fried Clam Rolls and Spider Rolls .,Spider Rolls,"[9, 10]",recommended,"[1, 1]",POS
One of the earlier people commenting on the restaurant did not get the that some experimenting is going on with the menu in a positive way .,menu,"[21, 21]",positive,"[24, 24]",POS
"Odd for Ave B , not just odd , The place attracts an eclectic crowd to say the least .",place,"[10, 10]",odd,"[7, 7]",POS
just got back from lunch at Tamarind and it was excellent .,lunch,"[4, 4]",excellent,"[10, 10]",POS
"head and shoulders above its neighboors on east 6 st , taj mahal is also very comparable , in food quality , to the much overpraised ( and underdeserving ) baluchi 's .",food quality,"[19, 20]",comparable,"[16, 16]",POS
As we were sitting eating the subpar food the manager proceeded to berate a couple of his employees for putting out the wrong containers for condiments and explained to them how expensive these containers were .,food,"[7, 7]",subpar,"[6, 6]",NEG
As we were sitting eating the subpar food the manager proceeded to berate a couple of his employees for putting out the wrong containers for condiments and explained to them how expensive these containers were .,containers,"[33, 33]",expensive,"[31, 31]",NEU
Great Indian food and the service is incredible .,Indian food,"[1, 2]",Great,"[0, 0]",POS
Great Indian food and the service is incredible .,service,"[5, 5]",incredible,"[7, 7]",POS
"Decor is nice and minimalist , food simple yet very well presented and cooked , and the wine list matches the food very well .",Decor,"[0, 0]",nice,"[2, 2]",POS
"Decor is nice and minimalist , food simple yet very well presented and cooked , and the wine list matches the food very well .",Decor,"[0, 0]",minimalist,"[4, 4]",POS
"Decor is nice and minimalist , food simple yet very well presented and cooked , and the wine list matches the food very well .",food,"[6, 6]",simple,"[7, 7]",NEU
"Decor is nice and minimalist , food simple yet very well presented and cooked , and the wine list matches the food very well .",food,"[6, 6]",well presented and cooked,"[10, 13]",NEU
"Decor is nice and minimalist , food simple yet very well presented and cooked , and the wine list matches the food very well .",wine list,"[17, 18]",well,"[23, 23]",POS
We ordered a tuna melt - it came with out cheese which just made it a tuna sandwich .,tuna melt,"[3, 4]",with out,"[8, 9]",NEG
We ordered a tuna melt - it came with out cheese which just made it a tuna sandwich .,cheese,"[10, 10]",with out,"[8, 9]",NEU
We ordered a tuna melt - it came with out cheese which just made it a tuna sandwich .,tuna sandwich,"[16, 17]",with out,"[8, 9]",NEG
The waiters were not attentive except that the bill turned up on the table before we were finished .,waiters,"[1, 1]",attentive,"[4, 4]",NEG
The sangria was pretty tasty and good on a hot muggy day .,sangria,"[1, 1]",tasty,"[4, 4]",POS
The sangria was pretty tasty and good on a hot muggy day .,sangria,"[1, 1]",good,"[6, 6]",POS
"For the people who want great food plus great service , Roxy is a place to AVOID !",food,"[6, 6]",great,"[5, 5]",NEG
"For the people who want great food plus great service , Roxy is a place to AVOID !",service,"[9, 9]",great,"[8, 8]",NEG
I had the best ravioli ever .,ravioli,"[4, 4]",best,"[3, 3]",POS
Ive been here a bunch of times now and the service is always outstanding .,service,"[10, 10]",outstanding,"[13, 13]",POS
"Quite frankly , this is some of the worst sushi I have ever tried .",sushi,"[9, 9]",worst,"[8, 8]",NEG
"The food is great , service is ok .",food,"[1, 1]",great,"[3, 3]",POS
"The food is great , service is ok .",service,"[5, 5]",ok,"[7, 7]",NEU
"Spice is great Thai food , love the inexpensive appetizers .",Thai food,"[3, 4]",great,"[2, 2]",POS
"Spice is great Thai food , love the inexpensive appetizers .",appetizers,"[9, 9]",love,"[6, 6]",POS
"Spice is great Thai food , love the inexpensive appetizers .",appetizers,"[9, 9]",inexpensive,"[8, 8]",POS
The service was attentive .,service,"[1, 1]",attentive,"[3, 3]",POS
"He not only makes his own homemade mozzarella , but every pie is ultra fresh .",mozzarella,"[7, 7]",homemade,"[6, 6]",POS
"He not only makes his own homemade mozzarella , but every pie is ultra fresh .",pie,"[11, 11]",ultra fresh,"[13, 14]",POS
Fish was overdone .,Fish,"[0, 0]",overdone,"[2, 2]",NEG
"When you 're sitting in their main dining room ( which has a spectacular , hand-painted high ceiling ) you 'd never know there was a world outside .",main dining room,"[6, 8]",spectacular,"[13, 13]",POS
"When you 're sitting in their main dining room ( which has a spectacular , hand-painted high ceiling ) you 'd never know there was a world outside .",ceiling,"[17, 17]",spectacular,"[13, 13]",POS
"When you 're sitting in their main dining room ( which has a spectacular , hand-painted high ceiling ) you 'd never know there was a world outside .",ceiling,"[17, 17]",hand-painted high,"[15, 16]",POS
We visited Bread Bar during January restaurant week and were so pleased with the menu selections and service .,menu selections,"[14, 15]",pleased,"[11, 11]",POS
We visited Bread Bar during January restaurant week and were so pleased with the menu selections and service .,service,"[17, 17]",pleased,"[11, 11]",POS
also make sure you pay attention to the music being piped in - quite a weird selection .,music,"[8, 8]",weird,"[15, 15]",NEU
The establishment scores big points in presentation and style .,establishment,"[1, 1]",scores big points,"[2, 4]",POS
"The wait staff is very friendly , if not overly efficient .",wait staff,"[1, 2]",friendly,"[5, 5]",POS
"The wait staff is very friendly , if not overly efficient .",wait staff,"[1, 2]",not overly efficient,"[8, 10]",POS
The dim sum however was very good .,dim sum,"[1, 2]",good,"[6, 6]",POS
Service has always been friendly and efficient .,Service,"[0, 0]",friendly,"[4, 4]",POS
Service has always been friendly and efficient .,Service,"[0, 0]",efficient,"[6, 6]",POS
All we received was an apology as we left to see our show without dinner .,dinner,"[14, 14]",without,"[13, 13]",NEU
The table next to us asked if he crushed the grapes himself when their long overdue bottle of wine finally arrived .,bottle of wine,"[16, 18]",long overdue,"[14, 15]",NEU
Prices are very good .,Prices,"[0, 0]",good,"[3, 3]",POS
"The Dim Sum was so-so , but not spectacular .",Dim Sum,"[1, 2]",so-so,"[4, 4]",NEU
"The Dim Sum was so-so , but not spectacular .",Dim Sum,"[1, 2]",not spectacular,"[7, 8]",NEU
The food was so-so .,food,"[1, 1]",so-so,"[3, 3]",NEU
"The place is larger than most and features adequate seating unlike most joints , and has a bar which deserves a mention .",seating,"[9, 9]",adequate,"[8, 8]",POS
"The place is larger than most and features adequate seating unlike most joints , and has a bar which deserves a mention .",bar,"[17, 17]",deserves,"[19, 19]",POS
"The place is larger than most and features adequate seating unlike most joints , and has a bar which deserves a mention .",place,"[1, 1]",larger,"[3, 3]",POS
Threw my fiance 's surprise 30th birthday dinner here could n't be happier .,dinner,"[7, 7]",could n't be happier,"[9, 12]",NEU
Food - awesome .,Food,"[0, 0]",awesome,"[2, 2]",POS
"May , the owner always has a smile on her and will warmly greet you .",owner,"[3, 3]",warmly,"[12, 12]",POS
"For some reason , all the seafood on the menu was unavailable except for the Salmon .",seafood,"[6, 6]",unavailable,"[11, 11]",NEG
"For some reason , all the seafood on the menu was unavailable except for the Salmon .",menu,"[9, 9]",unavailable,"[11, 11]",NEG
"For some reason , all the seafood on the menu was unavailable except for the Salmon .",Salmon,"[15, 15]",except,"[12, 12]",NEU
"The beverages were excellent , and the dessert was good .",beverages,"[1, 1]",excellent,"[3, 3]",POS
"The beverages were excellent , and the dessert was good .",dessert,"[7, 7]",good,"[9, 9]",POS
"Next time , we would n't dare ordering anything else other than some simple Asian appetizers and drinks .",Asian appetizers,"[14, 15]",simple,"[13, 13]",POS
"Next time , we would n't dare ordering anything else other than some simple Asian appetizers and drinks .",drinks,"[17, 17]",simple,"[13, 13]",POS
"Please if your thinking about it go , and stay the wait you wo n't be disappointed .",wait,"[11, 11]",wo n't be disappointed,"[13, 16]",NEG
"If you 'd like to have a nice light meal with an asian accent , Long Tan is a good place on the slope .",meal,"[9, 9]",nice,"[7, 7]",POS
"When going out for a nice dinner , I like a nice ambiance as well as very good food .",dinner,"[6, 6]",nice,"[5, 5]",POS
"When going out for a nice dinner , I like a nice ambiance as well as very good food .",ambiance,"[12, 12]",nice,"[11, 11]",POS
"When going out for a nice dinner , I like a nice ambiance as well as very good food .",food,"[18, 18]",good,"[17, 17]",POS
Highly recommend this as great value for excellent sushi and service .,sushi,"[8, 8]",excellent,"[7, 7]",POS
Highly recommend this as great value for excellent sushi and service .,service,"[10, 10]",excellent,"[7, 7]",POS
Highly recommend this as great value for excellent sushi and service .,value,"[5, 5]",great,"[4, 4]",POS
This place would be so much better served by being run by a group that actually understands customer service .,service,"[18, 18]",would be so much better,"[2, 6]",NEG
A++ The service was good to excellent along with the attitude .,service,"[2, 2]",good,"[4, 4]",POS
A++ The service was good to excellent along with the attitude .,attitude,"[10, 10]",excellent,"[6, 6]",POS
The food is awesome - definitely try the striped bass .,food,"[1, 1]",awesome,"[3, 3]",POS
The food is awesome - definitely try the striped bass .,striped bass,"[8, 9]",try,"[6, 6]",POS
black white shakes came out good also .,black white shakes,"[0, 2]",good,"[5, 5]",POS
It 's simply the best meal in NYC .,meal,"[5, 5]",best,"[4, 4]",POS
We go on Mondays for the prix fixe and our experience with the food has been comparable to Blue Ribbon .,food,"[13, 13]",comparable,"[16, 16]",NEU
"However , they 've got the most amazing pastrami and the soups hit the spot .",pastrami,"[8, 8]",amazing,"[7, 7]",POS
"However , they 've got the most amazing pastrami and the soups hit the spot .",soups,"[11, 11]",hit the spot,"[12, 14]",POS
Great bagels made the old-fashioned way .,bagels,"[1, 1]",Great,"[0, 0]",POS
"This is some really good , inexpensive sushi .",sushi,"[7, 7]",good,"[4, 4]",POS
"This is some really good , inexpensive sushi .",sushi,"[7, 7]",inexpensive,"[6, 6]",POS
"my personal favorite is an everything bagel with lox spread , but all the bagles are unbeliavably good .",bagel with lox spread,"[6, 9]",favorite,"[2, 2]",POS
"my personal favorite is an everything bagel with lox spread , but all the bagles are unbeliavably good .",bagles,"[14, 14]",unbeliavably good,"[16, 17]",POS
"I would n't even have complained at all if the food at least tasted good but the quality of food was crappy , too .",quality of food,"[17, 19]",crappy,"[21, 21]",NEG
For the next hour and a half we stood in the crowded lobby area of this touristy restaurant listening to all types of explanations of why we were not being seated .,lobby area,"[12, 13]",crowded,"[11, 11]",NEG
The pizza is delicious and the proprietor is one of the nicest in NYC .,pizza,"[1, 1]",delicious,"[3, 3]",POS
The pizza is delicious and the proprietor is one of the nicest in NYC .,proprietor,"[6, 6]",nicest,"[11, 11]",POS
"Also good for client lunch meetings , esp .",lunch meetings,"[4, 5]",good,"[1, 1]",NEU
"The decor is dark , cool and soothing , while the food 's presentation is spectacular , considering the low prices .",decor,"[1, 1]",dark,"[3, 3]",POS
"The decor is dark , cool and soothing , while the food 's presentation is spectacular , considering the low prices .",decor,"[1, 1]",cool,"[5, 5]",POS
"The decor is dark , cool and soothing , while the food 's presentation is spectacular , considering the low prices .",decor,"[1, 1]",soothing,"[7, 7]",POS
"The decor is dark , cool and soothing , while the food 's presentation is spectacular , considering the low prices .",prices,"[20, 20]",low,"[19, 19]",POS
"The decor is dark , cool and soothing , while the food 's presentation is spectacular , considering the low prices .",food 's presentation,"[11, 13]",spectacular,"[15, 15]",POS
The Waitstaff were very nice and suggested swordfish for my husband he enjoyed his meal .,Waitstaff,"[1, 1]",nice,"[4, 4]",POS
The Waitstaff were very nice and suggested swordfish for my husband he enjoyed his meal .,swordfish,"[7, 7]",suggested,"[6, 6]",POS
The Waitstaff were very nice and suggested swordfish for my husband he enjoyed his meal .,meal,"[14, 14]",enjoyed,"[12, 12]",POS
The setting is casual and romantic .,setting,"[1, 1]",casual,"[3, 3]",POS
The setting is casual and romantic .,setting,"[1, 1]",romantic,"[5, 5]",POS
"Terrible , terrible management - deserves to be shut-down .",management,"[3, 3]",Terrible,"[0, 0]",NEG
"Terrible , terrible management - deserves to be shut-down .",management,"[3, 3]",terrible,"[2, 2]",NEG
"Great friendly service , Fast seating , Fast Delivery , Excellent sushi .",service,"[2, 2]",Great friendly,"[0, 1]",POS
"Great friendly service , Fast seating , Fast Delivery , Excellent sushi .",seating,"[5, 5]",Fast,"[4, 4]",POS
"Great friendly service , Fast seating , Fast Delivery , Excellent sushi .",Delivery,"[8, 8]",Fast,"[7, 7]",POS
"Great friendly service , Fast seating , Fast Delivery , Excellent sushi .",sushi,"[11, 11]",Excellent,"[10, 10]",POS
"The Italian food has flavor ( that can be sort of surprising on the UES ) , and the service turns from a nightmare to attentive , they sort of remind me of the NY Yankees of the late 90 's , no matter how bad it look , you knew that there was a rally just around the corner ...",Italian food,"[1, 2]",surprising,"[11, 11]",POS
Mizu is home to creative and unique rolls not to found anywhere else .,rolls,"[7, 7]",unique,"[6, 6]",POS
Baluchi 's has solid food and a nice decor at reasonable prices .,food,"[4, 4]",solid,"[3, 3]",POS
Baluchi 's has solid food and a nice decor at reasonable prices .,decor,"[8, 8]",nice,"[7, 7]",POS
Baluchi 's has solid food and a nice decor at reasonable prices .,prices,"[11, 11]",reasonable,"[10, 10]",POS
"Moules were excellent , lobster ravioli was VERY salty !",Moules,"[0, 0]",excellent,"[2, 2]",POS
"Moules were excellent , lobster ravioli was VERY salty !",lobster ravioli,"[4, 5]",salty,"[8, 8]",NEG
"A cheap eat for NYC , but not for dosa .",dosa,"[9, 9]",but,"[6, 6]",NEG
"A cheap eat for NYC , but not for dosa .",eat,"[2, 2]",cheap,"[1, 1]",POS
"The seafood is amazing , there 's a good wine list , and the ever-changing menu always offers some great surprises .",seafood,"[1, 1]",amazing,"[3, 3]",POS
"The seafood is amazing , there 's a good wine list , and the ever-changing menu always offers some great surprises .",wine list,"[9, 10]",good,"[8, 8]",POS
"The seafood is amazing , there 's a good wine list , and the ever-changing menu always offers some great surprises .",menu,"[15, 15]",ever-changing,"[14, 14]",POS
"The seafood is amazing , there 's a good wine list , and the ever-changing menu always offers some great surprises .",menu,"[15, 15]",great surprises,"[19, 20]",POS
"The food was just OK , at least for what food was available .",food,"[1, 1]",OK,"[4, 4]",NEG
The waitress was very patient with us and the food is phenomenal !,waitress,"[1, 1]",patient,"[4, 4]",POS
The waitress was very patient with us and the food is phenomenal !,food,"[9, 9]",phenomenal,"[11, 11]",POS
"The ambience was nice , but service was n't so great .",ambience,"[1, 1]",nice,"[3, 3]",POS
"The ambience was nice , but service was n't so great .",service,"[6, 6]",was n't so great,"[7, 10]",NEG
"Solid wine list , knowledgeable staff , friendly owners and an adventurous , ever-changing menu keep us coming back .",wine list,"[1, 2]",Solid,"[0, 0]",POS
"Solid wine list , knowledgeable staff , friendly owners and an adventurous , ever-changing menu keep us coming back .",staff,"[5, 5]",knowledgeable,"[4, 4]",POS
"Solid wine list , knowledgeable staff , friendly owners and an adventurous , ever-changing menu keep us coming back .",owners,"[8, 8]",friendly,"[7, 7]",POS
"Solid wine list , knowledgeable staff , friendly owners and an adventurous , ever-changing menu keep us coming back .",menu,"[14, 14]",adventurous,"[11, 11]",POS
"Solid wine list , knowledgeable staff , friendly owners and an adventurous , ever-changing menu keep us coming back .",menu,"[14, 14]",ever-changing,"[13, 13]",POS
The people that work there are always so friendly you forget you are in New York sometimes .,people,"[1, 1]",friendly,"[8, 8]",POS
The location and ambience is Ok but the food is what makes up for it .,location,"[1, 1]",Ok,"[5, 5]",NEU
The location and ambience is Ok but the food is what makes up for it .,ambience,"[3, 3]",Ok,"[5, 5]",NEU
The location and ambience is Ok but the food is what makes up for it .,food,"[8, 8]",makes up,"[11, 12]",POS
I love and I know gourmet food by excellence !,gourmet food,"[5, 6]",love,"[1, 1]",POS
I love and I know gourmet food by excellence !,gourmet food,"[5, 6]",excellence,"[8, 8]",POS
"I plan to come here again and look forward to trying their assortment of bruschetta , panini 's ... ..",bruschetta,"[14, 14]",look forward,"[7, 8]",POS
"I plan to come here again and look forward to trying their assortment of bruschetta , panini 's ... ..",panini,"[16, 16]",look forward,"[7, 8]",POS
"Two people in our party felt like something else , and Volare immediately obliged with two great dishes that were not in their regular menu .",dishes,"[17, 17]",great,"[16, 16]",POS
"Two people in our party felt like something else , and Volare immediately obliged with two great dishes that were not in their regular menu .",menu,"[24, 24]",regular,"[23, 23]",NEU
He offers subpar service and has no personality .,service,"[3, 3]",subpar,"[2, 2]",NEG
"The waitress remembers me and is very friendly , she knows what my regular is and that 's the fried mini buns with the condensed milk and the assorted fruits on beancurd .",waitress,"[1, 1]",friendly,"[7, 7]",POS
"The waitress remembers me and is very friendly , she knows what my regular is and that 's the fried mini buns with the condensed milk and the assorted fruits on beancurd .",fried mini buns with the condensed milk and the assorted fruits on beancurd,"[19, 31]",regular,"[13, 13]",POS
Diner food at bistro prices is a bummer ... .,food,"[1, 1]",bummer,"[7, 7]",NEG
Diner food at bistro prices is a bummer ... .,prices,"[4, 4]",bummer,"[7, 7]",NEG
"While we thoroughly enjoyed the food , it was annoying to scream across the table for conversation .",food,"[5, 5]",enjoyed,"[3, 3]",POS
The portions are large and the servers always surprise us with a different starter .,portions,"[1, 1]",large,"[3, 3]",POS
The portions are large and the servers always surprise us with a different starter .,servers,"[6, 6]",surprise,"[8, 8]",POS
The portions are large and the servers always surprise us with a different starter .,starter,"[13, 13]",different,"[12, 12]",POS
"delicious bagels , especially when right out of the oven .",bagels,"[1, 1]",delicious,"[0, 0]",POS
This is one great place to eat pizza more out but not a good place for take-out pizza .,pizza,"[7, 7]",great,"[3, 3]",POS
This is one great place to eat pizza more out but not a good place for take-out pizza .,take-out pizza,"[16, 17]",good,"[13, 13]",NEG
Try green curry with vegetables .,green curry with vegetables,"[1, 4]",Try,"[0, 0]",POS
"First of all , this place is *not* romantic , as claimed by Citysearch 's editorial review .",place,"[5, 5]",*not* romantic,"[7, 8]",NEG
"The second you walk through the heavy vault like door , with people anticipating your arrival you get the sense that you are going to have the dining ride of a lifetime .",door,"[9, 9]",heavy,"[6, 6]",NEU
Much more reasonably priced too !,priced,"[3, 3]",reasonably,"[2, 2]",POS
"The food was not very tasty , the portioins were tiny even for such a high quality restaurant .",food,"[1, 1]",not very tasty,"[3, 5]",NEG
"The food was not very tasty , the portioins were tiny even for such a high quality restaurant .",portioins,"[8, 8]",tiny,"[10, 10]",NEG
"The Pad Thai is excellent here , as well .",Pad Thai,"[1, 2]",excellent,"[4, 4]",POS
I do not recommend lunch specials just because it tasts the same with other regular chinese restaurant .,lunch specials,"[4, 5]",not recommend,"[2, 3]",NEG
"We parked on the block of Nina 's the place looked nice , with people obviously enjoying their pizzas .",place,"[9, 9]",nice,"[11, 11]",POS
"We parked on the block of Nina 's the place looked nice , with people obviously enjoying their pizzas .",pizzas,"[18, 18]",enjoying,"[16, 16]",POS
"The food is o.k. , but not any better than what you get at a good neighborhood restaurant .",food,"[1, 1]","o.k. ,","[3, 4]",NEU
"The food is o.k. , but not any better than what you get at a good neighborhood restaurant .",food,"[1, 1]",not any better,"[6, 8]",NEU
We had the pot-stickers which were great and a tempura dish that was great .,pot-stickers,"[3, 3]",great,"[6, 6]",POS
We had the pot-stickers which were great and a tempura dish that was great .,tempura dish,"[9, 10]",great,"[13, 13]",POS
I think the stuff was better than Disney .,stuff,"[3, 3]",better,"[5, 5]",POS
"While the $ 20 entree range is not overly expensive , in New York City , there is definitely better food in that range , and so Sapphire , despite it 's lovely atmosphere , will most likely not be a restaurant to which I will return .",food,"[20, 20]",better,"[19, 19]",NEG
"While the $ 20 entree range is not overly expensive , in New York City , there is definitely better food in that range , and so Sapphire , despite it 's lovely atmosphere , will most likely not be a restaurant to which I will return .",atmosphere,"[33, 33]",lovely,"[32, 32]",POS
"While the $ 20 entree range is not overly expensive , in New York City , there is definitely better food in that range , and so Sapphire , despite it 's lovely atmosphere , will most likely not be a restaurant to which I will return .",entree range,"[4, 5]",not overly expensive,"[7, 9]",POS
"Orsay , is without a doubt one of the best values for authentic French food in NYC .",French food,"[13, 14]",authentic,"[12, 12]",POS
"Well , their deliveries take for ever and the food is usually cold .",deliveries,"[3, 3]",for ever,"[5, 6]",NEG
"Well , their deliveries take for ever and the food is usually cold .",food,"[9, 9]",cold,"[12, 12]",NEG
And really large portions .,portions,"[3, 3]",large,"[2, 2]",POS
This is a great Thai restaurant with a very friendly staff .,staff,"[10, 10]",friendly,"[9, 9]",POS
I ordered the smoked salmon and roe appetizer and it was off flavor .,smoked salmon and roe appetizer,"[3, 7]",off flavor,"[11, 12]",NEG
"We went here for lunch a couple of weeks ago on a Saturday , and I was thoroughly impressed with the food .",food,"[21, 21]",impressed,"[18, 18]",POS
"I recommend the garlic shrimp , okra ( bindi ) , and anything with lamb .",garlic shrimp,"[3, 4]",recommend,"[1, 1]",POS
"I recommend the garlic shrimp , okra ( bindi ) , and anything with lamb .",lamb,"[14, 14]",recommend,"[1, 1]",POS
"I recommend the garlic shrimp , okra ( bindi ) , and anything with lamb .",okra ( bindi ),"[6, 9]",recommend,"[1, 1]",POS
The food is great and authentic .,food,"[1, 1]",great,"[3, 3]",POS
Good for casual dinner with jeans and sneakers .,casual dinner,"[2, 3]",Good,"[0, 0]",POS
"Anyway , the food is good , the price is right and they have a decent wine list .",food,"[3, 3]",good,"[5, 5]",POS
"Anyway , the food is good , the price is right and they have a decent wine list .",price,"[8, 8]",right,"[10, 10]",POS
"Anyway , the food is good , the price is right and they have a decent wine list .",wine list,"[16, 17]",decent,"[15, 15]",POS
This place has many different styles of pizza and they are all amazing .,styles of pizza,"[5, 7]",different,"[4, 4]",POS
This place has many different styles of pizza and they are all amazing .,styles of pizza,"[5, 7]",amazing,"[12, 12]",POS
The food was great .,food,"[1, 1]",great,"[3, 3]",POS
Pair you food with the excellent beers on tap or their well priced wine list .,beers on tap,"[6, 8]",excellent,"[5, 5]",POS
Pair you food with the excellent beers on tap or their well priced wine list .,wine list,"[13, 14]",well,"[11, 11]",POS
Pair you food with the excellent beers on tap or their well priced wine list .,priced,"[12, 12]",well,"[11, 11]",POS
If you like your music blasted and the system isnt that great and if you want to pay at least 100 dollar bottle minimun then you 'll love it here .,music,"[4, 4]",like,"[2, 2]",NEG
If you like your music blasted and the system isnt that great and if you want to pay at least 100 dollar bottle minimun then you 'll love it here .,bottle minimun,"[22, 23]",love,"[27, 27]",NEG
Metrazur has a beautiful spot overlooking the main terminal .,spot,"[4, 4]",beautiful,"[3, 3]",POS
The restaurant is rather small but we were lucky to get a table quickly .,table,"[12, 12]",quickly,"[13, 13]",POS
"Quality of food is excellent and price is cheap , stick to pork , fish , chicken , lamb and vegetables .",Quality of food,"[0, 2]",excellent,"[4, 4]",POS
"Quality of food is excellent and price is cheap , stick to pork , fish , chicken , lamb and vegetables .",price,"[6, 6]",cheap,"[8, 8]",POS
"Quality of food is excellent and price is cheap , stick to pork , fish , chicken , lamb and vegetables .",pork,"[12, 12]",cheap,"[8, 8]",POS
"Quality of food is excellent and price is cheap , stick to pork , fish , chicken , lamb and vegetables .",fish,"[14, 14]",cheap,"[8, 8]",POS
"Quality of food is excellent and price is cheap , stick to pork , fish , chicken , lamb and vegetables .",chicken,"[16, 16]",cheap,"[8, 8]",POS
"Quality of food is excellent and price is cheap , stick to pork , fish , chicken , lamb and vegetables .",lamb,"[18, 18]",cheap,"[8, 8]",POS
"Quality of food is excellent and price is cheap , stick to pork , fish , chicken , lamb and vegetables .",vegetables,"[20, 20]",cheap,"[8, 8]",POS
"The place is a little tight and on a cold day , the seating by the entranceway can be pretty drafty .",seating,"[13, 13]",drafty,"[20, 20]",NEG
"The place is a little tight and on a cold day , the seating by the entranceway can be pretty drafty .",place,"[1, 1]",tight,"[5, 5]",NEG
"But , they were too big for the bun .",bun,"[8, 8]",too big,"[4, 5]",NEU
"The food is fresh , delicious , and reasonably priced .",food,"[1, 1]",fresh,"[3, 3]",POS
"The food is fresh , delicious , and reasonably priced .",food,"[1, 1]",delicious,"[5, 5]",POS
"The food is fresh , delicious , and reasonably priced .",priced,"[9, 9]",reasonably,"[8, 8]",POS
Raga stands out with an interesting fusion of French and Indian cooking .,fusion of French and Indian cooking,"[6, 11]",interesting,"[5, 5]",POS
The bagels are fabulous .,bagels,"[1, 1]",fabulous,"[3, 3]",POS
"Oh yes , and they lie on the phone , claiming they have seating in the garden , then of course the seats are not available .",seating in the garden,"[13, 16]",lie,"[5, 5]",NEU
"Oh yes , and they lie on the phone , claiming they have seating in the garden , then of course the seats are not available .",seats,"[22, 22]",not available,"[24, 25]",NEU
Although they do the typical what kind of water would you like questions the service was good and overall very relaxing to place to eat .,service,"[14, 14]",good,"[16, 16]",POS
Although they do the typical what kind of water would you like questions the service was good and overall very relaxing to place to eat .,place,"[22, 22]",relaxing,"[20, 20]",POS
Although they do the typical what kind of water would you like questions the service was good and overall very relaxing to place to eat .,water,"[8, 8]",typical,"[4, 4]",NEU
"The food was very good , a great deal , and the place its self was great .",food,"[1, 1]",good,"[4, 4]",POS
"The food was very good , a great deal , and the place its self was great .",place,"[12, 12]",great,"[16, 16]",POS
"Probably much busier for lunch , it 's seldom crowded for dinner ( too close to downtown ) .",lunch,"[4, 4]",busier,"[2, 2]",NEU
"Probably much busier for lunch , it 's seldom crowded for dinner ( too close to downtown ) .",dinner,"[11, 11]",seldom crowded,"[8, 9]",NEU
"Their calzones are horrific , bad , vomit-inducing , YUCK .",calzones,"[1, 1]",horrific,"[3, 3]",NEG
"Their calzones are horrific , bad , vomit-inducing , YUCK .",calzones,"[1, 1]",bad,"[5, 5]",NEG
"Their calzones are horrific , bad , vomit-inducing , YUCK .",calzones,"[1, 1]",vomit-inducing,"[7, 7]",NEG
"Their calzones are horrific , bad , vomit-inducing , YUCK .",calzones,"[1, 1]",YUCK,"[9, 9]",NEG
It takes forever to get a drink and they almost always forget to bring something ( although they dont forget to charge you for it .,drink,"[6, 6]",forever,"[2, 2]",NEU
The place itself is beautiful the bar scene seems to be happening .,place,"[1, 1]",beautiful,"[4, 4]",POS
The place itself is beautiful the bar scene seems to be happening .,bar scene,"[6, 7]",happening,"[11, 11]",POS
"Saturday , Nov. 6th I had a group from work come in with about 35 people and the staff was amazing to accomodate us .",staff,"[18, 18]",amazing,"[20, 20]",POS
"Good spreads , great beverage selections and bagels really tasty .",spreads,"[1, 1]",Good,"[0, 0]",POS
"Good spreads , great beverage selections and bagels really tasty .",beverage selections,"[4, 5]",great,"[3, 3]",POS
"Good spreads , great beverage selections and bagels really tasty .",bagels,"[7, 7]",tasty,"[9, 9]",POS
"Also , top the meal with a delicious and perfect slice of tiramisu .",tiramisu,"[12, 12]",delicious,"[7, 7]",POS
"Also , top the meal with a delicious and perfect slice of tiramisu .",tiramisu,"[12, 12]",perfect,"[9, 9]",POS
Check out the secret back room .,secret back room,"[3, 5]",Check out,"[0, 1]",POS
"It 's also attached to Angel 's Share , which is a cool , more romantic bar ...",bar,"[16, 16]",cool,"[12, 12]",POS
"It 's also attached to Angel 's Share , which is a cool , more romantic bar ...",bar,"[16, 16]",romantic,"[15, 15]",POS
"I am amazed by the poor reviews- I find this place to be standout Italian in an area flooded with Italian- great prices , great atmosphere , good service and a wonderful wine list .",prices,"[22, 22]",great,"[21, 21]",POS
"I am amazed by the poor reviews- I find this place to be standout Italian in an area flooded with Italian- great prices , great atmosphere , good service and a wonderful wine list .",atmosphere,"[25, 25]",great,"[24, 24]",POS
"I am amazed by the poor reviews- I find this place to be standout Italian in an area flooded with Italian- great prices , great atmosphere , good service and a wonderful wine list .",service,"[28, 28]",good,"[27, 27]",POS
"I am amazed by the poor reviews- I find this place to be standout Italian in an area flooded with Italian- great prices , great atmosphere , good service and a wonderful wine list .",wine list,"[32, 33]",wonderful,"[31, 31]",POS
With the theater 2 blocks away we had a delicious meal in a beautiful room .,meal,"[10, 10]",delicious,"[9, 9]",POS
With the theater 2 blocks away we had a delicious meal in a beautiful room .,room,"[14, 14]",beautiful,"[13, 13]",POS
The food is great and reasonably priced .,food,"[1, 1]",great,"[3, 3]",POS
The food is great and reasonably priced .,food,"[1, 1]",reasonably priced,"[5, 6]",POS
The food is great and reasonably priced .,priced,"[6, 6]",reasonably,"[5, 5]",POS
"Over the years the host , Vittorio , and his crew , have always treated me as family -- although with all the business this not-so-little gem does , it amazing he 's even able to remember a consistent but not-so-frequent visitor .",crew,"[10, 10]",amazing,"[30, 30]",POS
"Over the years the host , Vittorio , and his crew , have always treated me as family -- although with all the business this not-so-little gem does , it amazing he 's even able to remember a consistent but not-so-frequent visitor .",host,"[4, 4]",amazing,"[30, 30]",POS
"The restuarant itself is not large , but seems to have several round tables to accomodate large groups hoping to save a buck to eat authentic Taiwanese .",round tables,"[12, 13]",several,"[11, 11]",POS
"The restuarant itself is not large , but seems to have several round tables to accomodate large groups hoping to save a buck to eat authentic Taiwanese .",Taiwanese,"[26, 26]",authentic,"[25, 25]",POS
"My husband said he could 've eaten several more , the portion was fine for me he even exclaimed that the french fries were the best he has had .",french fries,"[21, 22]",best,"[25, 25]",POS
"It is the type of place to run into old friends and have a late , raucous dinner .",dinner,"[17, 17]",raucous,"[16, 16]",POS
"The food is delicious - from the specials to the regular menu-fare , the dishes are never a disappointment .",food,"[1, 1]",delicious,"[3, 3]",POS
"The food is delicious - from the specials to the regular menu-fare , the dishes are never a disappointment .",dishes,"[14, 14]",never a disappointment,"[16, 18]",POS
"The food is delicious - from the specials to the regular menu-fare , the dishes are never a disappointment .",specials,"[7, 7]",delicious,"[3, 3]",POS
"The food is delicious - from the specials to the regular menu-fare , the dishes are never a disappointment .",specials,"[7, 7]",never a disappointment,"[16, 18]",POS
"The food is delicious - from the specials to the regular menu-fare , the dishes are never a disappointment .",regular menu-fare,"[10, 11]",delicious,"[3, 3]",POS
"The food is delicious - from the specials to the regular menu-fare , the dishes are never a disappointment .",regular menu-fare,"[10, 11]",never a disappointment,"[16, 18]",POS
"The combination of fresh tomato sauce , fresh mozz cheese , basil and the dough they make with imported flour , makes this is one of the better pizza 's in NY .",fresh tomato sauce,"[3, 5]",fresh,"[3, 3]",POS
"The combination of fresh tomato sauce , fresh mozz cheese , basil and the dough they make with imported flour , makes this is one of the better pizza 's in NY .",fresh mozz cheese,"[7, 9]",fresh,"[7, 7]",POS
"The combination of fresh tomato sauce , fresh mozz cheese , basil and the dough they make with imported flour , makes this is one of the better pizza 's in NY .",pizza,"[28, 28]",better,"[27, 27]",POS
"The combination of fresh tomato sauce , fresh mozz cheese , basil and the dough they make with imported flour , makes this is one of the better pizza 's in NY .",flour,"[19, 19]",imported,"[18, 18]",POS
"For all of you new to Indian food , try the Paneer Roll , it is a piece of heaven .",Paneer Roll,"[11, 12]",heaven,"[19, 19]",POS
The food looked very appetizing and delicious since it came on a variety of fancy plates .,food,"[1, 1]",appetizing,"[4, 4]",POS
The food looked very appetizing and delicious since it came on a variety of fancy plates .,food,"[1, 1]",delicious,"[6, 6]",POS
The food looked very appetizing and delicious since it came on a variety of fancy plates .,plates,"[15, 15]",fancy,"[14, 14]",POS
Both the fresh mozzerella slices and the Plain Cheese slice are phenomenal .,fresh mozzerella slices,"[2, 4]",fresh,"[2, 2]",POS
Both the fresh mozzerella slices and the Plain Cheese slice are phenomenal .,fresh mozzerella slices,"[2, 4]",phenomenal,"[11, 11]",POS
Both the fresh mozzerella slices and the Plain Cheese slice are phenomenal .,Plain Cheese slice,"[7, 9]",phenomenal,"[11, 11]",POS
"The food is terrible and overall , I would have to say avoid at all costs .",food,"[1, 1]",terrible,"[3, 3]",NEG
"It 's constantly open , catering to the Pakistani cabbies lined up on Crosby St. , so there 's more turnover with the food than you 'd expect ( i.e. , surprisingly fresh ) .",food,"[23, 23]",surprisingly fresh,"[31, 32]",POS
"I went at 6:00 PM specifically for the pre-theater menu ( $ 19.95 for roasted tomato soup with chevre , steak frites , creme brulee ) and it was marvelous .",pre-theater menu,"[8, 9]",marvelous,"[29, 29]",POS
"I went at 6:00 PM specifically for the pre-theater menu ( $ 19.95 for roasted tomato soup with chevre , steak frites , creme brulee ) and it was marvelous .",roasted tomato soup with chevre,"[14, 18]",marvelous,"[29, 29]",POS
"I went at 6:00 PM specifically for the pre-theater menu ( $ 19.95 for roasted tomato soup with chevre , steak frites , creme brulee ) and it was marvelous .",steak frites,"[20, 21]",marvelous,"[29, 29]",POS
"I went at 6:00 PM specifically for the pre-theater menu ( $ 19.95 for roasted tomato soup with chevre , steak frites , creme brulee ) and it was marvelous .",creme brulee,"[23, 24]",marvelous,"[29, 29]",POS
"The waitstaff were attentive , polite and helpful - an impressive feat in such close quarters .",waitstaff,"[1, 1]",attentive,"[3, 3]",POS
"The waitstaff were attentive , polite and helpful - an impressive feat in such close quarters .",waitstaff,"[1, 1]",polite,"[5, 5]",POS
"The waitstaff were attentive , polite and helpful - an impressive feat in such close quarters .",waitstaff,"[1, 1]",helpful,"[7, 7]",POS
"The waitstaff were attentive , polite and helpful - an impressive feat in such close quarters .",waitstaff,"[1, 1]",impressive,"[10, 10]",POS
"- the bread at the beginning is super tasty and makes you want more - the pizza is delicious and comes in personal sizes , however be warned that the Peter 's Favourite pizza with prosciutto and baby arugula is actually a margarite pizza with cold prosciutto and baby arugula on top , like a salad .",bread,"[2, 2]",super tasty,"[7, 8]",POS
"- the bread at the beginning is super tasty and makes you want more - the pizza is delicious and comes in personal sizes , however be warned that the Peter 's Favourite pizza with prosciutto and baby arugula is actually a margarite pizza with cold prosciutto and baby arugula on top , like a salad .",pizza,"[16, 16]",delicious,"[18, 18]",POS
"Have always found that the waiters will go out of their way to be helpful , despite the fact they are often busy with lots of diners .",waiters,"[5, 5]",helpful,"[14, 14]",POS
"Have always found that the waiters will go out of their way to be helpful , despite the fact they are often busy with lots of diners .",waiters,"[5, 5]",busy,"[22, 22]",POS
The owner truly caters to all your needs .,owner,"[1, 1]",caters,"[3, 3]",POS
He takes real pride in his food and his business .,food,"[6, 6]",pride,"[3, 3]",POS
"So if you want a nice , enjoyable meal at Montparnasse , go early for the pre-theater prix-fixe .",meal,"[8, 8]",nice,"[5, 5]",POS
"So if you want a nice , enjoyable meal at Montparnasse , go early for the pre-theater prix-fixe .",meal,"[8, 8]",enjoyable,"[7, 7]",POS
"So if you want a nice , enjoyable meal at Montparnasse , go early for the pre-theater prix-fixe .",pre-theater prix-fixe,"[16, 17]",nice,"[5, 5]",POS
"So if you want a nice , enjoyable meal at Montparnasse , go early for the pre-theater prix-fixe .",pre-theater prix-fixe,"[16, 17]",enjoyable,"[7, 7]",POS
"Over the years , it has always provided a pleasurable dining experience with quality food and wine .",food,"[14, 14]",quality,"[13, 13]",POS
"Over the years , it has always provided a pleasurable dining experience with quality food and wine .",wine,"[16, 16]",quality,"[13, 13]",POS
"Over the years , it has always provided a pleasurable dining experience with quality food and wine .",dining,"[10, 10]",pleasurable,"[9, 9]",POS
"The photobook menu was a cute touch , certainly helped my group and I pick the fried chicken , pork chop , and noodle dishes that we all ordered .",menu,"[2, 2]",cute,"[5, 5]",POS
I can not imagine better Indian food in all of the city .,Indian food,"[5, 6]",better,"[4, 4]",POS
very good breads as well .,breads,"[2, 2]",good,"[1, 1]",POS
"Pizza is terrific , as is homemade pasta .",Pizza,"[0, 0]",terrific,"[2, 2]",POS
"Pizza is terrific , as is homemade pasta .",homemade pasta,"[6, 7]",terrific,"[2, 2]",POS
This is a wonderful place on all stand points especially value ofr money .,value ofr money,"[10, 12]",wonderful,"[3, 3]",POS
"From beginning appetizers , the scallops were incredible , to the delicious chocolate souffle with rasberry mint sorbet , we were delighted by the taste sensations .",beginning appetizers,"[1, 2]",incredible,"[7, 7]",POS
"From beginning appetizers , the scallops were incredible , to the delicious chocolate souffle with rasberry mint sorbet , we were delighted by the taste sensations .",scallops,"[5, 5]",incredible,"[7, 7]",POS
"From beginning appetizers , the scallops were incredible , to the delicious chocolate souffle with rasberry mint sorbet , we were delighted by the taste sensations .",chocolate souffle with rasberry mint sorbet,"[12, 17]",delicious,"[11, 11]",POS
"From beginning appetizers , the scallops were incredible , to the delicious chocolate souffle with rasberry mint sorbet , we were delighted by the taste sensations .",taste,"[24, 24]",delighted,"[21, 21]",POS
"My goodness , everything from the fish to the rice to the seaweed was absolutely amazing .",fish,"[6, 6]",amazing,"[15, 15]",POS
"My goodness , everything from the fish to the rice to the seaweed was absolutely amazing .",rice,"[9, 9]",amazing,"[15, 15]",POS
"My goodness , everything from the fish to the rice to the seaweed was absolutely amazing .",seaweed,"[12, 12]",amazing,"[15, 15]",POS
The food is reliable and the price is moderate .,food,"[1, 1]",reliable,"[3, 3]",POS
The food is reliable and the price is moderate .,price,"[6, 6]",moderate,"[8, 8]",NEU
"While the ambiance and atmosphere were great , the food and service could have been a lot better .",ambiance,"[2, 2]",great,"[6, 6]",POS
"While the ambiance and atmosphere were great , the food and service could have been a lot better .",atmosphere,"[4, 4]",great,"[6, 6]",POS
"While the ambiance and atmosphere were great , the food and service could have been a lot better .",food,"[9, 9]",could have been a lot better,"[12, 17]",NEG
"While the ambiance and atmosphere were great , the food and service could have been a lot better .",service,"[11, 11]",could have been a lot better,"[12, 17]",NEG
The server was really cool and served us our food and drinks with a smile .,server,"[1, 1]",cool,"[4, 4]",POS
"Planet Thailand has always been a hit with me , I go there usually for the sushi , which is great , the thai food is excellent too .",sushi,"[16, 16]",great,"[20, 20]",POS
"Planet Thailand has always been a hit with me , I go there usually for the sushi , which is great , the thai food is excellent too .",thai food,"[23, 24]",excellent,"[26, 26]",POS
The sauce on the pizza is sooo good with garlic and fresh tomatoes and they do n't skimp .,fresh tomatoes,"[11, 12]",fresh,"[11, 11]",POS
The sauce on the pizza is sooo good with garlic and fresh tomatoes and they do n't skimp .,sauce on the pizza,"[1, 4]",good,"[7, 7]",POS
"We recently decided to try this location , and to our delight , they have outdoor seating , perfect since I had my yorkie with me .",outdoor seating,"[15, 16]",perfect,"[18, 18]",POS
"My husband had the mesclun , salmon , and ice cream and he enjoyed all 3 courses .",mesclun,"[4, 4]",enjoyed,"[13, 13]",POS
"My husband had the mesclun , salmon , and ice cream and he enjoyed all 3 courses .",salmon,"[6, 6]",enjoyed,"[13, 13]",POS
"My husband had the mesclun , salmon , and ice cream and he enjoyed all 3 courses .",ice cream,"[9, 10]",enjoyed,"[13, 13]",POS
"My husband had the mesclun , salmon , and ice cream and he enjoyed all 3 courses .",courses,"[16, 16]",enjoyed,"[13, 13]",POS
The food is usually good but it certainly is n't a relaxing place to go .,food,"[1, 1]",good,"[4, 4]",POS
The food is usually good but it certainly is n't a relaxing place to go .,place,"[12, 12]",is n't a relaxing,"[8, 11]",NEG
"Super friendly and knowledgable staff , fabulous bistro fare and a wonderful jazz brunch with great live jazz ( the chilaquiles were awesome !",staff,"[4, 4]",friendly,"[1, 1]",POS
"Super friendly and knowledgable staff , fabulous bistro fare and a wonderful jazz brunch with great live jazz ( the chilaquiles were awesome !",staff,"[4, 4]",fabulous,"[6, 6]",POS
"Super friendly and knowledgable staff , fabulous bistro fare and a wonderful jazz brunch with great live jazz ( the chilaquiles were awesome !",bistro fare,"[7, 8]",fabulous,"[6, 6]",POS
"Super friendly and knowledgable staff , fabulous bistro fare and a wonderful jazz brunch with great live jazz ( the chilaquiles were awesome !",chilaquiles,"[20, 20]",awesome,"[22, 22]",POS
"Super friendly and knowledgable staff , fabulous bistro fare and a wonderful jazz brunch with great live jazz ( the chilaquiles were awesome !",jazz brunch,"[12, 13]",wonderful,"[11, 11]",POS
"Super friendly and knowledgable staff , fabulous bistro fare and a wonderful jazz brunch with great live jazz ( the chilaquiles were awesome !",live jazz,"[16, 17]",great,"[15, 15]",POS
The prices were fantastic .,prices,"[1, 1]",fantastic,"[3, 3]",POS
"The table service could have been a little more attentive but as someone who also works in the service industry , I understood they were busy .",service,"[2, 2]",busy,"[25, 25]",NEU
"It 's not mind-blowing , but to me , thai food never is and never will be .",thai food,"[9, 10]",mind-blowing,"[3, 3]",NEU
"Food was very good as well , considering that we tried the budget selection ( though I wish the pork belly that I ordered was roasted a bit longer , so that fat was more of a melt-in-your-mouth experience ) .",Food,"[0, 0]",good,"[3, 3]",POS
"Food was very good as well , considering that we tried the budget selection ( though I wish the pork belly that I ordered was roasted a bit longer , so that fat was more of a melt-in-your-mouth experience ) .",pork belly,"[19, 20]",melt-in-your-mouth,"[37, 37]",NEG
"Food was very good as well , considering that we tried the budget selection ( though I wish the pork belly that I ordered was roasted a bit longer , so that fat was more of a melt-in-your-mouth experience ) .",fat,"[32, 32]",longer,"[28, 28]",NEG
I love the fact that the pizza tastes so good and is so cheap .,pizza,"[6, 6]",love,"[1, 1]",POS
I love the fact that the pizza tastes so good and is so cheap .,pizza,"[6, 6]",good,"[9, 9]",POS
I love the fact that the pizza tastes so good and is so cheap .,pizza,"[6, 6]",cheap,"[13, 13]",POS
"Service was prompt , friendly and great .",Service,"[0, 0]",prompt,"[2, 2]",POS
"Service was prompt , friendly and great .",Service,"[0, 0]",friendly,"[4, 4]",POS
"Service was prompt , friendly and great .",Service,"[0, 0]",great,"[6, 6]",POS
"I have n't eat a lamb chop as delicious as that , the salads are really nice dressed with lemon and extra virgnin olive oil .",lamb chop,"[5, 6]",delicious,"[8, 8]",POS
"I have n't eat a lamb chop as delicious as that , the salads are really nice dressed with lemon and extra virgnin olive oil .",salads,"[13, 13]",nice,"[16, 16]",POS
The sushi was awful !,sushi,"[1, 1]",awful,"[3, 3]",NEG
You can get an excellent meal at most of the many Indian restaurants on nearby Lexington Avenue for the cost of one the dainty dishes here .,meal,"[5, 5]",excellent,"[4, 4]",POS
You can get an excellent meal at most of the many Indian restaurants on nearby Lexington Avenue for the cost of one the dainty dishes here .,dishes,"[24, 24]",dainty,"[23, 23]",POS
The plain pizza was soggy and the creative wild mushroom ( third generation-Fornini ) pizza we had was drenched with truffle oil in the middle ( again making it soggy ) and nothingon the rest .,plain pizza,"[1, 2]",soggy,"[4, 4]",NEG
The plain pizza was soggy and the creative wild mushroom ( third generation-Fornini ) pizza we had was drenched with truffle oil in the middle ( again making it soggy ) and nothingon the rest .,truffle oil,"[20, 21]",drenched,"[18, 18]",NEU
"Late nite omelletes are not good here , there is no variety !",omelletes,"[2, 2]",not good,"[4, 5]",NEG
"After all that , they complained to me about the small tip .",tip,"[11, 11]",small,"[10, 10]",NEG
It 's a great place to pick up a cheap lunch or dinner .,lunch,"[10, 10]",cheap,"[9, 9]",POS
"Whenever you need a Sushi fix , Mizu will be there with quality fish and great service .",fish,"[13, 13]",quality,"[12, 12]",POS
"Whenever you need a Sushi fix , Mizu will be there with quality fish and great service .",service,"[16, 16]",great,"[15, 15]",POS
"Our waitress was sweet and accomodating , not overbearing .",waitress,"[1, 1]",sweet,"[3, 3]",POS
"Our waitress was sweet and accomodating , not overbearing .",waitress,"[1, 1]",accomodating,"[5, 5]",POS
I was really disappointed ant wanted to tell everyone not to go eat or even take out food from there .,food,"[17, 17]",disappointed,"[3, 3]",NEG
"Despite a slightly limited menu , everything prepared is done to perfection , ultra fresh and a work of food art .",menu,"[4, 4]",limited,"[3, 3]",NEG
"Despite a slightly limited menu , everything prepared is done to perfection , ultra fresh and a work of food art .",food art,"[19, 20]",ultra fresh,"[13, 14]",POS
The outdoor atmosphere of sitting on the sidewalk watching the world go by 50 feet away on 6th avenue on a cool evening was wonderful .,outdoor atmosphere,"[1, 2]",wonderful,"[24, 24]",POS
brick oven gallery is My pick for best pizza restaurant anywhere .,pizza,"[8, 8]",best,"[7, 7]",POS
Add to that great service and great food at a reasonable price and you have yourself the beginning of a great evening .,service,"[4, 4]",great,"[3, 3]",POS
Add to that great service and great food at a reasonable price and you have yourself the beginning of a great evening .,food,"[7, 7]",great,"[6, 6]",POS
Add to that great service and great food at a reasonable price and you have yourself the beginning of a great evening .,price,"[11, 11]",reasonable,"[10, 10]",POS
"For many people , this may not seem like Aunthentic Thai food because most places in NYC arent quite authentic .",Thai food,"[10, 11]",authentic,"[19, 19]",NEG
"Oh , do n't even let me start with how expensive the bills were !",bills,"[12, 12]",expensive,"[10, 10]",NEG
"All the appetizers and salads were fabulous , the steak was mouth watering and the pasta was delicious ! ! !",appetizers,"[2, 2]",fabulous,"[6, 6]",POS
"All the appetizers and salads were fabulous , the steak was mouth watering and the pasta was delicious ! ! !",salads,"[4, 4]",fabulous,"[6, 6]",POS
"All the appetizers and salads were fabulous , the steak was mouth watering and the pasta was delicious ! ! !",steak,"[9, 9]",watering,"[12, 12]",POS
"All the appetizers and salads were fabulous , the steak was mouth watering and the pasta was delicious ! ! !",pasta,"[15, 15]",delicious,"[17, 17]",POS
"Besides having the table we had been promised given to other restaurant patrons twice before we were actually seated , we were served dishes we had n't ordered three times , received one of our orders 20 minutes after the rest of the table had been served ( and that order was undercooked ) , and charged $ 45 more than we should have been on our bill .",dishes,"[23, 23]",undercooked,"[52, 52]",NEG
Service is top notch .,Service,"[0, 0]",top notch,"[2, 3]",POS
The food now is inconsistent .,food,"[1, 1]",inconsistent,"[4, 4]",NEG
BE CAREFUL before you request extra spice .,spice,"[6, 6]",CAREFUL,"[1, 1]",NEU
The octopus eaters were floored by the Octopus salad .,Octopus salad,"[7, 8]",floored,"[4, 4]",POS
We thought that this place is using too much of MSG cooking in the foods .,MSG cooking,"[10, 11]",too much,"[7, 8]",NEG
And the Tom Kha soup was pathetic .,Tom Kha soup,"[2, 4]",pathetic,"[6, 6]",NEG
I started out with a Bombay beer which was big enough for two .,Bombay beer,"[5, 6]",big,"[9, 9]",POS
"The decor is vibrant and eye-pleasing with several semi-private boths on the right side of the dining hall , which are great for a date .",decor,"[1, 1]",vibrant,"[3, 3]",POS
"The decor is vibrant and eye-pleasing with several semi-private boths on the right side of the dining hall , which are great for a date .",decor,"[1, 1]",eye-pleasing,"[5, 5]",POS
"The decor is vibrant and eye-pleasing with several semi-private boths on the right side of the dining hall , which are great for a date .",dining hall,"[16, 17]",great,"[21, 21]",POS
The sweet lassi was excellent as was the lamb chettinad and the garlic naan but the rasamalai was forgettable .,sweet lassi,"[1, 2]",excellent,"[4, 4]",POS
The sweet lassi was excellent as was the lamb chettinad and the garlic naan but the rasamalai was forgettable .,rasamalai,"[16, 16]",forgettable,"[18, 18]",NEG
"We 've been following chef Lyle 's food around New York for 15 years and while remaining classic , his innovations with bistro fare have made us return and return .",bistro fare,"[22, 23]",innovations,"[20, 20]",POS
"We 've been following chef Lyle 's food around New York for 15 years and while remaining classic , his innovations with bistro fare have made us return and return .",food,"[7, 7]",classic,"[17, 17]",POS
The best thing I tasted were the lambchops .,lambchops,"[7, 7]",best,"[1, 1]",POS
"In addition , the food is very good and the prices are reasonable .",food,"[4, 4]",good,"[7, 7]",POS
"In addition , the food is very good and the prices are reasonable .",prices,"[10, 10]",reasonable,"[12, 12]",POS
"Upon entering , we were greeted by the owners , Steven and Frederick , who went out of their way to be more than gracious hosts .",hosts,"[25, 25]",gracious,"[24, 24]",POS
Been going here since it opened have seen the quality value decrease considerably .,quality value,"[9, 10]",decrease,"[11, 11]",NEG
they bring service up a notch by offerng complementary amuse bouche to all tables and gave us a small dessert for our celebration .,amuse bouche,"[9, 10]",complementary,"[8, 8]",POS
they bring service up a notch by offerng complementary amuse bouche to all tables and gave us a small dessert for our celebration .,dessert,"[19, 19]",small,"[18, 18]",POS
"Try the crunchy tuna , it is to die for .",crunchy tuna,"[2, 3]",Try,"[0, 0]",POS
"Try the crunchy tuna , it is to die for .",crunchy tuna,"[2, 3]",die for,"[8, 9]",POS
"All in all , this midtown gem instantly became one of my favorite sushi restaurants in the city .",sushi,"[13, 13]",favorite,"[12, 12]",POS
It is a lot of fun with live entertainment and all kinds of Disney type special effects .,live entertainment,"[7, 8]",fun,"[5, 5]",POS
It is a lot of fun with live entertainment and all kinds of Disney type special effects .,special effects,"[15, 16]",fun,"[5, 5]",POS
"if you 're looking for perfect traditional sushi , go here - if you 're looking for interesting combinations , try Sushi of gari 's ( east side ) .",sushi,"[7, 7]",perfect,"[5, 5]",POS
Be careful of portions - they 're HUGE .,portions,"[3, 3]",HUGE,"[7, 7]",POS
"The Steak Tartare is a great bet , they fix it for you at the table .",Steak Tartare,"[1, 2]",great,"[5, 5]",POS
Great for large groups and celebrations - our SUPER HAPPY waiter was the entertainment of the evening .,waiter,"[10, 10]",SUPER HAPPY,"[8, 9]",POS
"Plus , on Wednesday nights the house wine is unlimited !",house wine,"[6, 7]",unlimited,"[9, 9]",POS
"However , in the summer of 2003 , it seems the management has changed and the great big door has been replaced for a glass front ridding itself of the dark romantic getup .",management,"[11, 11]",changed,"[13, 13]",NEU
"However , in the summer of 2003 , it seems the management has changed and the great big door has been replaced for a glass front ridding itself of the dark romantic getup .",door,"[18, 18]",great big,"[16, 17]",POS
We wo n't go to this place again for a good meal .,meal,"[11, 11]",good,"[10, 10]",NEG
"Barbecued codfish was gorgeously moist - as if poached - yet the fabulous texture was let down by curiously bland seasoning - a spice rub might have overwhelmed , however herb mix or other sauce would have done much to enhance .",Barbecued codfish,"[0, 1]",moist,"[4, 4]",POS
"Barbecued codfish was gorgeously moist - as if poached - yet the fabulous texture was let down by curiously bland seasoning - a spice rub might have overwhelmed , however herb mix or other sauce would have done much to enhance .",seasoning,"[20, 20]",bland,"[19, 19]",NEG
"Barbecued codfish was gorgeously moist - as if poached - yet the fabulous texture was let down by curiously bland seasoning - a spice rub might have overwhelmed , however herb mix or other sauce would have done much to enhance .",spice rub,"[23, 24]",overwhelmed,"[27, 27]",NEG
"Barbecued codfish was gorgeously moist - as if poached - yet the fabulous texture was let down by curiously bland seasoning - a spice rub might have overwhelmed , however herb mix or other sauce would have done much to enhance .",herb mix,"[30, 31]",to enhance,"[39, 40]",NEG
"Barbecued codfish was gorgeously moist - as if poached - yet the fabulous texture was let down by curiously bland seasoning - a spice rub might have overwhelmed , however herb mix or other sauce would have done much to enhance .",sauce,"[34, 34]",to enhance,"[39, 40]",NEG
"After dinner , take your date to the HUGE dance floor , probably one of the biggest you 'll see in NY .",dance floor,"[9, 10]",HUGE,"[8, 8]",POS
"After dinner , take your date to the HUGE dance floor , probably one of the biggest you 'll see in NY .",dance floor,"[9, 10]",biggest,"[16, 16]",POS
Taj Mahal offeres gret value and great food .,value,"[4, 4]",great,"[6, 6]",POS
Taj Mahal offeres gret value and great food .,food,"[7, 7]",great,"[6, 6]",POS
My boyfriend and I recently had an early dinner at Artisanal and was satisfied with our experience .,dinner,"[8, 8]",satisfied,"[13, 13]",POS
"Outstanding Bagels , but you get what you pay for .",Bagels,"[1, 1]",Outstanding,"[0, 0]",POS
"Pizza - the only pizza in NYC that should not have additional toppings - the crust tastes like the best , freshly baked bread !",crust,"[15, 15]",best,"[19, 19]",POS
"Pizza - the only pizza in NYC that should not have additional toppings - the crust tastes like the best , freshly baked bread !",bread,"[23, 23]",freshly baked,"[21, 22]",POS
"I found it on a cold night , the perfect spot to warm up .",spot,"[10, 10]",perfect,"[9, 9]",POS
"Service was warm and attentive , beef carpaachio was exellent ( huge portion ) and pasta was fresh and well-prepared .",Service,"[0, 0]",warm,"[2, 2]",POS
"Service was warm and attentive , beef carpaachio was exellent ( huge portion ) and pasta was fresh and well-prepared .",Service,"[0, 0]",attentive,"[4, 4]",POS
"Service was warm and attentive , beef carpaachio was exellent ( huge portion ) and pasta was fresh and well-prepared .",beef carpaachio,"[6, 7]",exellent,"[9, 9]",POS
"Service was warm and attentive , beef carpaachio was exellent ( huge portion ) and pasta was fresh and well-prepared .",pasta,"[15, 15]",fresh,"[17, 17]",POS
"Service was warm and attentive , beef carpaachio was exellent ( huge portion ) and pasta was fresh and well-prepared .",pasta,"[15, 15]",well-prepared,"[19, 19]",POS
"Service was warm and attentive , beef carpaachio was exellent ( huge portion ) and pasta was fresh and well-prepared .",portion,"[12, 12]",huge,"[11, 11]",POS
"Best Italian food I ever had ( and being Italian , that means alot ) .",Italian food,"[1, 2]",Best,"[0, 0]",POS
I will recommend Scopa to all of my friends for a place to go for wonderful Italian food .,Italian food,"[16, 17]",wonderful,"[15, 15]",POS
"Great bar , most gorgeous bartenders you 've ever seen ( specifically the blond lady ) .",bar,"[1, 1]",Great,"[0, 0]",POS
"Great bar , most gorgeous bartenders you 've ever seen ( specifically the blond lady ) .",bartenders,"[5, 5]",gorgeous,"[4, 4]",POS
I really loved the different and inovated touch that 's the cheff gives to the food .,food,"[15, 15]",different,"[4, 4]",POS
I really loved the different and inovated touch that 's the cheff gives to the food .,food,"[15, 15]",inovated,"[6, 6]",POS
They came out over cooked and the cheese was almost non existant .,cheese,"[7, 7]",non existant,"[10, 11]",NEG
"I had a terrific meal , and our server guided us toward a very nice wine in our price range , instead of allowing us to purchase a similarly priced wine that was n't as good .",meal,"[4, 4]",terrific,"[3, 3]",POS
"I had a terrific meal , and our server guided us toward a very nice wine in our price range , instead of allowing us to purchase a similarly priced wine that was n't as good .",wine,"[15, 15]",nice,"[14, 14]",NEG
"The svc can be a bit rude at times , esp if you have big group , but overall the restaurant is a must !",svc,"[1, 1]",rude,"[6, 6]",NEG
"The food is good , especially their more basic dishes , and the drinks are delicious .",food,"[1, 1]",good,"[3, 3]",POS
"The food is good , especially their more basic dishes , and the drinks are delicious .",dishes,"[9, 9]",good,"[3, 3]",POS
"The food is good , especially their more basic dishes , and the drinks are delicious .",drinks,"[13, 13]",delicious,"[15, 15]",POS
But the main hit was the whole grilled fish .,whole grilled fish,"[6, 8]",hit,"[3, 3]",POS
On a hot day it was fabulous to stop in and enjoy lunch .,lunch,"[12, 12]",fabulous,"[6, 6]",POS
On a hot day it was fabulous to stop in and enjoy lunch .,lunch,"[12, 12]",enjoy,"[11, 11]",POS
The food is delicious and beautifully prepared along with the friendly and personable service .,food,"[1, 1]",delicious,"[3, 3]",POS
The food is delicious and beautifully prepared along with the friendly and personable service .,food,"[1, 1]",beautifully prepared,"[5, 6]",POS
The food is delicious and beautifully prepared along with the friendly and personable service .,service,"[13, 13]",personable,"[12, 12]",POS
Pizza here is consistently good .,Pizza,"[0, 0]",good,"[4, 4]",POS
Would n't recomend it for dinner !,dinner,"[5, 5]",recomend,"[2, 2]",NEG
Sauce was watery and the food did n't have much flavor .,Sauce,"[0, 0]",watery,"[2, 2]",NEG
Sauce was watery and the food did n't have much flavor .,food,"[5, 5]",did n't have much flavor,"[6, 10]",NEG
My husband and I enjoy Sangria .,Sangria,"[5, 5]",enjoy,"[4, 4]",POS
We both opted for a pasta dish and they were served timely and fresh .,pasta dish,"[5, 6]",served timely,"[10, 11]",POS
We both opted for a pasta dish and they were served timely and fresh .,pasta dish,"[5, 6]",fresh,"[13, 13]",POS
We both opted for a pasta dish and they were served timely and fresh .,served,"[10, 10]",timely,"[11, 11]",POS
We both opted for a pasta dish and they were served timely and fresh .,served,"[10, 10]",fresh,"[13, 13]",POS
"First the wrong bread came out with the appetizer , then when i tried to order a second glass of wine for my main course ...",bread,"[3, 3]",wrong,"[2, 2]",NEG
"First the wrong bread came out with the appetizer , then when i tried to order a second glass of wine for my main course ...",glass of wine,"[18, 20]",second,"[17, 17]",NEU
"In an area sadly lacking in decent Thai food , this is one of the best spots .",Thai food,"[7, 8]",decent,"[6, 6]",POS
Make reservations but expect to be delayed 15-20 minutes as the hosting staff was having difficulty seating guests who arrived with a reservation because they probably had a lot of walk ins being so close to Time Square .,reservations,"[1, 1]",delayed,"[6, 6]",NEG
Make reservations but expect to be delayed 15-20 minutes as the hosting staff was having difficulty seating guests who arrived with a reservation because they probably had a lot of walk ins being so close to Time Square .,seating,"[16, 16]",difficulty,"[15, 15]",NEG
The food was average or above including some surprising tasty dishes .,food,"[1, 1]",average or above,"[3, 5]",POS
The food was average or above including some surprising tasty dishes .,dishes,"[10, 10]",tasty,"[9, 9]",POS
They do n't seem to place an emphasis on specials or fresh ingredients which to me is necessary for good thai .,ingredients,"[12, 12]",good,"[19, 19]",NEG
They do n't seem to place an emphasis on specials or fresh ingredients which to me is necessary for good thai .,thai,"[20, 20]",good,"[19, 19]",NEU
"The crust is thin , the ingredients are fresh and the staff is friendly .",crust,"[1, 1]",thin,"[3, 3]",POS
"The crust is thin , the ingredients are fresh and the staff is friendly .",staff,"[11, 11]",friendly,"[13, 13]",POS
"The crust is thin , the ingredients are fresh and the staff is friendly .",ingredients,"[6, 6]",fresh,"[8, 8]",POS
Also a little more expensive than your average bagel place .,bagel,"[8, 8]",expensive,"[4, 4]",NEU
"the food was undercooked -the sauce watery , and the vegetables raw .",food,"[1, 1]",undercooked,"[3, 3]",NEG
"the food was undercooked -the sauce watery , and the vegetables raw .",vegetables,"[10, 10]",raw,"[11, 11]",NEG
"the food was undercooked -the sauce watery , and the vegetables raw .",sauce,"[5, 5]",watery,"[6, 6]",NEG
And the fried clams had just enough kick to them to make 'em worth eating .,fried clams,"[2, 3]",enough,"[6, 6]",POS
The sauces used are also not that exciting .,sauces,"[1, 1]",not that exciting,"[5, 7]",NEG
The secret is the lunch menu which offers a complimentary appetizer with every entree ordered .,lunch menu,"[4, 5]",secret,"[1, 1]",POS
The secret is the lunch menu which offers a complimentary appetizer with every entree ordered .,appetizer,"[10, 10]",complimentary,"[9, 9]",POS
The secret is the lunch menu which offers a complimentary appetizer with every entree ordered .,entree,"[13, 13]",complimentary,"[9, 9]",POS
The shrimp scampi was excellent and the antipasti were plentiful .,shrimp scampi,"[1, 2]",excellent,"[4, 4]",POS
The shrimp scampi was excellent and the antipasti were plentiful .,antipasti,"[7, 7]",plentiful,"[9, 9]",POS
"I got the $ 10 10-piece dim sum combo , every bite of which was great .",dim sum combo,"[6, 8]",great,"[15, 15]",POS
There is also very limited seating and there can be a substantial wait in getting food at peak times .,seating,"[5, 5]",limited,"[4, 4]",NEG
There is also very limited seating and there can be a substantial wait in getting food at peak times .,wait,"[12, 12]",substantial,"[11, 11]",NEG
"If it 's just a quick martini at the bar ( which I recommend Jeffery 's ) or a mind blowing Roast Chicken , go to Village !",martini,"[6, 6]",quick,"[5, 5]",NEU
"If it 's just a quick martini at the bar ( which I recommend Jeffery 's ) or a mind blowing Roast Chicken , go to Village !",bar,"[9, 9]",recommend,"[13, 13]",NEU
"If it 's just a quick martini at the bar ( which I recommend Jeffery 's ) or a mind blowing Roast Chicken , go to Village !",Roast Chicken,"[21, 22]",mind blowing,"[19, 20]",POS
"There was a long wait for a table outside , but it was a little too hot in the sun anyway so our insde table was very nice .",table,"[7, 7]",long wait,"[3, 4]",NEU
"There was a long wait for a table outside , but it was a little too hot in the sun anyway so our insde table was very nice .",insde table,"[23, 24]",nice,"[27, 27]",POS
"There was a long wait for a table outside , but it was a little too hot in the sun anyway so our insde table was very nice .",wait,"[4, 4]",long,"[3, 3]",NEG
The prices are wonderfully low .,prices,"[1, 1]",wonderfully low,"[3, 4]",POS
I have never been disappointed but their true strength lays in their amazingly delicious and cheap lunch specials .,lunch specials,"[16, 17]",delicious,"[13, 13]",POS
I have never been disappointed but their true strength lays in their amazingly delicious and cheap lunch specials .,lunch specials,"[16, 17]",cheap,"[15, 15]",POS
"So much more than the usual bar food , go there to enjoy the menu while sampling one of their hand-crafted beers .",menu,"[14, 14]",enjoy,"[12, 12]",POS
"So much more than the usual bar food , go there to enjoy the menu while sampling one of their hand-crafted beers .",hand-crafted beers,"[20, 21]",hand-crafted,"[20, 20]",POS
No free drink .,drink,"[2, 2]",No free,"[0, 1]",NEU
This is my first time writing a review for a restaurant because the food and service was excellent .,food,"[13, 13]",excellent,"[17, 17]",POS
This is my first time writing a review for a restaurant because the food and service was excellent .,service,"[15, 15]",excellent,"[17, 17]",POS
Do n't waste money on decor .,decor,"[5, 5]",waste,"[2, 2]",NEU
They also have a back garden open in the summer - cute and French with outdoor seating - what more could you ask for ?,back garden,"[4, 5]",cute,"[11, 11]",POS
They also have a back garden open in the summer - cute and French with outdoor seating - what more could you ask for ?,back garden,"[4, 5]",French,"[13, 13]",POS
I have never before eaten 40 pieces of relatively good nigiri .,nigiri,"[10, 10]",good,"[9, 9]",NEU
"Given the incredible architecture surrounding it , this place has no character .",architecture,"[3, 3]",incredible,"[2, 2]",POS
"Given the incredible architecture surrounding it , this place has no character .",place,"[8, 8]",no character,"[10, 11]",NEG
"While the place is not a hotspot hangout , the drinks are unique and pack a lot of bang for the buck .",drinks,"[10, 10]",unique,"[12, 12]",POS
"Their eggplant is so delicate , sweet tender !",eggplant,"[1, 1]",delicate,"[4, 4]",POS
"Their eggplant is so delicate , sweet tender !",eggplant,"[1, 1]",sweet tender,"[6, 7]",POS
"Each bite of food at Kai was indeed delicious , fresh , and elegant .",food,"[3, 3]",delicious,"[8, 8]",POS
"Each bite of food at Kai was indeed delicious , fresh , and elegant .",food,"[3, 3]",fresh,"[10, 10]",POS
"Each bite of food at Kai was indeed delicious , fresh , and elegant .",food,"[3, 3]",elegant,"[13, 13]",POS
all the food was excellent - considering the quality of food in most moderately priced restaurants is mediocre this was slightly more pricey and well worth it .,food,"[2, 2]",excellent,"[4, 4]",POS
all the food was excellent - considering the quality of food in most moderately priced restaurants is mediocre this was slightly more pricey and well worth it .,quality of food,"[8, 10]",mediocre,"[17, 17]",POS
all the food was excellent - considering the quality of food in most moderately priced restaurants is mediocre this was slightly more pricey and well worth it .,priced,"[14, 14]",moderately,"[13, 13]",NEU
"I had the cod with paella ( spicy and very filling , I 'm a big eater and could only eat half ) while my boyfriend had the classic fish and chips ( again , a big serving - at least 5 pieces of fish and a basketful of fries ) .",cod with paella,"[3, 5]",spicy,"[7, 7]",NEG
"I had the cod with paella ( spicy and very filling , I 'm a big eater and could only eat half ) while my boyfriend had the classic fish and chips ( again , a big serving - at least 5 pieces of fish and a basketful of fries ) .",cod with paella,"[3, 5]",filling,"[10, 10]",NEG
"I had the cod with paella ( spicy and very filling , I 'm a big eater and could only eat half ) while my boyfriend had the classic fish and chips ( again , a big serving - at least 5 pieces of fish and a basketful of fries ) .",fish and chips,"[29, 31]",classic,"[28, 28]",NEG
"I had the cod with paella ( spicy and very filling , I 'm a big eater and could only eat half ) while my boyfriend had the classic fish and chips ( again , a big serving - at least 5 pieces of fish and a basketful of fries ) .",fish and chips,"[29, 31]",big,"[36, 36]",NEG
"I had the cod with paella ( spicy and very filling , I 'm a big eater and could only eat half ) while my boyfriend had the classic fish and chips ( again , a big serving - at least 5 pieces of fish and a basketful of fries ) .",serving,"[37, 37]",big,"[36, 36]",NEG
"It 's a shame that a nice , convenient place like the Pink Pony can be so ruined by lousy service .",place,"[9, 9]",convenient,"[8, 8]",POS
"It 's a shame that a nice , convenient place like the Pink Pony can be so ruined by lousy service .",service,"[20, 20]",lousy,"[19, 19]",NEG
Try the spicy wontons and the salt pepper shrimps .,spicy wontons,"[2, 3]",Try,"[0, 0]",POS
Try the spicy wontons and the salt pepper shrimps .,salt pepper shrimps,"[6, 8]",Try,"[0, 0]",POS
The fries are yummy .,fries,"[1, 1]",yummy,"[3, 3]",POS
"Friendly and informative staff , very attentive and prompt raw bar service .",staff,"[3, 3]",Friendly,"[0, 0]",POS
"Friendly and informative staff , very attentive and prompt raw bar service .",staff,"[3, 3]",informative,"[2, 2]",POS
"Friendly and informative staff , very attentive and prompt raw bar service .",staff,"[3, 3]",attentive,"[6, 6]",POS
"Friendly and informative staff , very attentive and prompt raw bar service .",bar service,"[10, 11]",raw,"[9, 9]",POS
Best Taiwanese food in NY !,Taiwanese food,"[1, 2]",Best,"[0, 0]",POS
This place is a great stop for great food .,food,"[8, 8]",great,"[7, 7]",POS
All the pastas are fantastic and the homemade lasagna is some of the best that I have had in the City .,pastas,"[2, 2]",fantastic,"[4, 4]",POS
All the pastas are fantastic and the homemade lasagna is some of the best that I have had in the City .,homemade lasagna,"[7, 8]",best,"[13, 13]",POS
And the prices were way to high for what you get .,prices,"[2, 2]",high,"[6, 6]",NEG
The staff ignored my friends and I the entire time we were there .,staff,"[1, 1]",ignored,"[2, 2]",NEG
"Yet paired with such rude service , would never recommend for anyone interested in carrying any kind of conversation while there .",service,"[5, 5]",rude,"[4, 4]",NEG
"The in-house lady DJ on Saturday nights has outrageously good taste in music , and moreover , takes requests .",in-house lady DJ,"[1, 3]",good taste,"[9, 10]",POS
"Great wine list , reasonably priced . -- Sara",wine list,"[1, 2]",Great,"[0, 0]",POS
"Great wine list , reasonably priced . -- Sara",priced,"[5, 5]",reasonably,"[4, 4]",POS
The hot dogs were cold in the middle and the buns were stale .,hot dogs,"[1, 2]",cold,"[4, 4]",NEG
The hot dogs were cold in the middle and the buns were stale .,buns,"[10, 10]",stale,"[12, 12]",NEG
"While the food was excellent , it was n't cheap ( though not extremely expensive either ) .",food,"[2, 2]",excellent,"[4, 4]",POS
Beef noodle soup is good as well .,Beef noodle soup,"[0, 2]",good,"[4, 4]",POS
Delivery service is great too .,Delivery service,"[0, 1]",great,"[3, 3]",POS
"The food 's dazzling flavors overwhelm the palate , truly embracing the beauty of authentic Thai cuisine .",food,"[1, 1]",overwhelm,"[5, 5]",POS
"The food 's dazzling flavors overwhelm the palate , truly embracing the beauty of authentic Thai cuisine .",Thai cuisine,"[15, 16]",authentic,"[14, 14]",POS
"The food 's dazzling flavors overwhelm the palate , truly embracing the beauty of authentic Thai cuisine .",flavors,"[4, 4]",overwhelm,"[5, 5]",POS
I recieved prompt service with a smile .,service,"[3, 3]",prompt,"[2, 2]",POS
They pray to their Food Gods to make them into a good pizza like VT 's .,pizza,"[12, 12]",good,"[11, 11]",NEG
The place was quiet and delightful .,place,"[1, 1]",quiet,"[3, 3]",POS
The place was quiet and delightful .,place,"[1, 1]",delightful,"[5, 5]",POS
The food is a diamond in rough -- the food is delicious and homemade with the perfect balance of herbs and tomatoes .,food,"[1, 1]",diamond,"[4, 4]",POS
The food is a diamond in rough -- the food is delicious and homemade with the perfect balance of herbs and tomatoes .,food,"[9, 9]",delicious,"[11, 11]",POS
The food is a diamond in rough -- the food is delicious and homemade with the perfect balance of herbs and tomatoes .,food,"[9, 9]",homemade,"[13, 13]",POS
The food is a diamond in rough -- the food is delicious and homemade with the perfect balance of herbs and tomatoes .,herbs,"[19, 19]",perfect,"[16, 16]",POS
The food is a diamond in rough -- the food is delicious and homemade with the perfect balance of herbs and tomatoes .,tomatoes,"[21, 21]",perfect,"[16, 16]",POS
"As much as I like the food there , I ca n't bring myself to go back .",food,"[6, 6]",like,"[4, 4]",POS
The prices and ambience are especially great considering it 's in the West Village .,prices,"[1, 1]",great,"[6, 6]",POS
The prices and ambience are especially great considering it 's in the West Village .,ambience,"[3, 3]",great,"[6, 6]",POS
The soup is pretty good too .,soup,"[1, 1]",good,"[4, 4]",POS
It is so easy to get a reservation at a top place in NYC with a week 's notice .,reservation,"[7, 7]",easy,"[3, 3]",POS
"not the food , not the ambiance , not the service , I agree with the previous reviews you wait and wait , the wait staff are very rude and when you get in they are looking to get you right out .",wait staff,"[24, 25]",rude,"[28, 28]",NEG
I always get the Shabu-Shabu dinner and the beef is always fresh .,beef,"[8, 8]",fresh,"[11, 11]",POS
The pizza was delivered cold and the cheese was n't even fully melted !,pizza,"[1, 1]",cold,"[4, 4]",NEG
The pizza was delivered cold and the cheese was n't even fully melted !,cheese,"[7, 7]",was n't even fully melted,"[8, 12]",NEG
We were very surprised by how good the food was on our first visit here on a Sunday night .,food,"[8, 8]",good,"[6, 6]",POS
"Nha Trang , while being notorious for utter lack of comfort and decor , horribly slow wait staff and horribly quick meals , is one of the best vietnamese restaurants i 've ever been to . the pho is delicious and comes with very fresh vegtables .",comfort,"[10, 10]",lack,"[8, 8]",NEG
"Nha Trang , while being notorious for utter lack of comfort and decor , horribly slow wait staff and horribly quick meals , is one of the best vietnamese restaurants i 've ever been to . the pho is delicious and comes with very fresh vegtables .",decor,"[12, 12]",lack,"[8, 8]",NEG
"Nha Trang , while being notorious for utter lack of comfort and decor , horribly slow wait staff and horribly quick meals , is one of the best vietnamese restaurants i 've ever been to . the pho is delicious and comes with very fresh vegtables .",wait staff,"[16, 17]",horribly slow,"[14, 15]",NEG
"Nha Trang , while being notorious for utter lack of comfort and decor , horribly slow wait staff and horribly quick meals , is one of the best vietnamese restaurants i 've ever been to . the pho is delicious and comes with very fresh vegtables .",meals,"[21, 21]",horribly quick,"[19, 20]",NEG
"Nha Trang , while being notorious for utter lack of comfort and decor , horribly slow wait staff and horribly quick meals , is one of the best vietnamese restaurants i 've ever been to . the pho is delicious and comes with very fresh vegtables .",pho,"[37, 37]",delicious,"[39, 39]",POS
"Nha Trang , while being notorious for utter lack of comfort and decor , horribly slow wait staff and horribly quick meals , is one of the best vietnamese restaurants i 've ever been to . the pho is delicious and comes with very fresh vegtables .",vegtables,"[45, 45]",fresh,"[44, 44]",POS
"On the other hand , if you are not fooled easily , you will find hundreds of restaurants that will give you service and ambiance that is on par with Alain Ducasse , and food that will outshine in presentaion , taste , choice , quality and quantity .",service,"[22, 22]",on par,"[27, 28]",NEU
"On the other hand , if you are not fooled easily , you will find hundreds of restaurants that will give you service and ambiance that is on par with Alain Ducasse , and food that will outshine in presentaion , taste , choice , quality and quantity .",ambiance,"[24, 24]",on par,"[27, 28]",NEU
"On the other hand , if you are not fooled easily , you will find hundreds of restaurants that will give you service and ambiance that is on par with Alain Ducasse , and food that will outshine in presentaion , taste , choice , quality and quantity .",food,"[34, 34]",outshine,"[37, 37]",NEG
"If I could rate the people this place would be off the charts - unfortunately - the pizza , sorry - not the best in NYC .",people,"[5, 5]",best,"[23, 23]",POS
"If I could rate the people this place would be off the charts - unfortunately - the pizza , sorry - not the best in NYC .",pizza,"[17, 17]",best,"[23, 23]",NEG
"Having not been home in the last 2 years may skew this reviewer a bit , but the food was tasty and spicy sans the oil that comes floating along at similar venues .",food,"[18, 18]",tasty,"[20, 20]",POS
"Having not been home in the last 2 years may skew this reviewer a bit , but the food was tasty and spicy sans the oil that comes floating along at similar venues .",food,"[18, 18]",spicy,"[22, 22]",POS
"The portions are now very small , the sauces are overly ambitious usually inedible while the service is still good , the restaurant , due to its popularity , seems frantic .",portions,"[1, 1]",small,"[5, 5]",NEG
"The portions are now very small , the sauces are overly ambitious usually inedible while the service is still good , the restaurant , due to its popularity , seems frantic .",sauces,"[8, 8]",ambitious,"[11, 11]",NEG
"The portions are now very small , the sauces are overly ambitious usually inedible while the service is still good , the restaurant , due to its popularity , seems frantic .",sauces,"[8, 8]",inedible,"[13, 13]",NEG
"The portions are now very small , the sauces are overly ambitious usually inedible while the service is still good , the restaurant , due to its popularity , seems frantic .",service,"[16, 16]",good,"[19, 19]",POS
"The owner is very friendly and a great guy , go try his pizza , you 'll like it !",owner,"[1, 1]",friendly,"[4, 4]",POS
"The owner is very friendly and a great guy , go try his pizza , you 'll like it !",owner,"[1, 1]",great,"[7, 7]",POS
"The owner is very friendly and a great guy , go try his pizza , you 'll like it !",pizza,"[13, 13]",try,"[11, 11]",POS
"The owner is very friendly and a great guy , go try his pizza , you 'll like it !",pizza,"[13, 13]",like,"[17, 17]",POS
The atmosphere is great ! ! !,atmosphere,"[1, 1]",great,"[3, 3]",POS
"With so many good restaurants on the UWS , I do n't need overpriced food , absurdly arrogant wait-staff who do n't recognize they work at a glorified diner , clumsy service , and management that does n't care .",food,"[14, 14]",overpriced,"[13, 13]",NEG
"With so many good restaurants on the UWS , I do n't need overpriced food , absurdly arrogant wait-staff who do n't recognize they work at a glorified diner , clumsy service , and management that does n't care .",wait-staff,"[18, 18]",arrogant,"[17, 17]",NEG
"With so many good restaurants on the UWS , I do n't need overpriced food , absurdly arrogant wait-staff who do n't recognize they work at a glorified diner , clumsy service , and management that does n't care .",service,"[31, 31]",clumsy,"[30, 30]",NEG
"With so many good restaurants on the UWS , I do n't need overpriced food , absurdly arrogant wait-staff who do n't recognize they work at a glorified diner , clumsy service , and management that does n't care .",management,"[34, 34]",does n't care,"[36, 38]",NEG
"With so many good restaurants on the UWS , I do n't need overpriced food , absurdly arrogant wait-staff who do n't recognize they work at a glorified diner , clumsy service , and management that does n't care .",diner,"[28, 28]",glorified,"[27, 27]",NEG
"I tend to judge a sushi restaurant by its sea urchin , which was heavenly at sushi rose .",sea urchin,"[9, 10]",heavenly,"[14, 14]",POS
The service is a little scatty at times but all is forgiven when the food arrives .,service,"[1, 1]",scatty,"[5, 5]",NEG
The service is a little scatty at times but all is forgiven when the food arrives .,food,"[14, 14]",forgiven,"[11, 11]",POS
"The bruscetta is a bit soggy , but the salads were fresh , included a nice mix of greens ( not iceberg ) all dishes are served piping hot from the kitchen .",bruscetta,"[1, 1]",soggy,"[5, 5]",NEG
"The bruscetta is a bit soggy , but the salads were fresh , included a nice mix of greens ( not iceberg ) all dishes are served piping hot from the kitchen .",salads,"[9, 9]",fresh,"[11, 11]",POS
"The bruscetta is a bit soggy , but the salads were fresh , included a nice mix of greens ( not iceberg ) all dishes are served piping hot from the kitchen .",dishes,"[24, 24]",hot,"[28, 28]",POS
"The bruscetta is a bit soggy , but the salads were fresh , included a nice mix of greens ( not iceberg ) all dishes are served piping hot from the kitchen .",mix of greens,"[16, 18]",nice,"[15, 15]",POS
"The atmosphere is n't the greatest , but I suppose that 's how they keep the prices down .",atmosphere,"[1, 1]",is n't the greatest,"[2, 5]",NEU
"The atmosphere is n't the greatest , but I suppose that 's how they keep the prices down .",prices,"[16, 16]",down,"[17, 17]",POS
The pickles were great addition .,pickles,"[1, 1]",great,"[3, 3]",POS
"If your favorite Chinese food is General Tao chicken , then this is NOT your place .",General Tao chicken,"[6, 8]",favorite,"[2, 2]",NEG
You must try the shrimp appetizers .,shrimp appetizers,"[4, 5]",try,"[2, 2]",POS
"Not only is the cuisine the best around , the service has always been attentive and charming .",cuisine,"[4, 4]",best,"[6, 6]",POS
"Not only is the cuisine the best around , the service has always been attentive and charming .",service,"[10, 10]",attentive,"[14, 14]",POS
"Not only is the cuisine the best around , the service has always been attentive and charming .",service,"[10, 10]",charming,"[16, 16]",POS
"The production is a symphony , alot of fun to experience.The food sublime for the most part .",food,"[11, 11]",sublime,"[12, 12]",POS
"Waiters tend to forget drinks completely , food portions are so tiny , two people have trouble sharing one entree .",Waiters,"[0, 0]",forget,"[3, 3]",NEG
"Waiters tend to forget drinks completely , food portions are so tiny , two people have trouble sharing one entree .",food portions,"[7, 8]",tiny,"[11, 11]",NEG
"Waiters tend to forget drinks completely , food portions are so tiny , two people have trouble sharing one entree .",drinks,"[4, 4]",forget,"[3, 3]",NEU
"Waiters tend to forget drinks completely , food portions are so tiny , two people have trouble sharing one entree .",entree,"[19, 19]",trouble,"[16, 16]",NEG
But the thing that my wife and I hated was it was so loud and it felt like ' bar ' or ' pub ' .,bar,"[19, 19]",loud,"[13, 13]",NEG
But the thing that my wife and I hated was it was so loud and it felt like ' bar ' or ' pub ' .,pub,"[23, 23]",loud,"[13, 13]",NEG
"While there are plenty of places to go for a good corned beef sandwich , Katz 's has a charm about it .",corned beef sandwich,"[11, 13]",good,"[10, 10]",POS
"However , looking at the table next to ours , we both sort of wished we had ordered pizza , which looked perfect",pizza,"[18, 18]",perfect,"[22, 22]",POS
Priced at upper intermediate range .,Priced,"[0, 0]",upper intermediate,"[2, 3]",NEG
"If you live in new york city , you 'll find better food at small restaurants outside of time square and spend half the amount .",food,"[12, 12]",better,"[11, 11]",NEG
"they did n't disappoint , service from the second i arrived at the door was extremely pleasant and attentive with almost one server per table .",service,"[5, 5]",pleasant,"[16, 16]",POS
"they did n't disappoint , service from the second i arrived at the door was extremely pleasant and attentive with almost one server per table .",service,"[5, 5]",attentive,"[18, 18]",POS
I do n't know who they think they are but they have no respect for the residents of the neighborhood ever since they opened their cabaret next door and blasts loud music till three in the morning every weekend during the summer .,music,"[31, 31]",loud,"[30, 30]",NEG
"The only positive was the wait staff , which was prompt , knowledgable , and likeable .",wait staff,"[5, 6]",positive,"[2, 2]",POS
"The only positive was the wait staff , which was prompt , knowledgable , and likeable .",wait staff,"[5, 6]",prompt,"[10, 10]",POS
"The only positive was the wait staff , which was prompt , knowledgable , and likeable .",wait staff,"[5, 6]",knowledgable,"[12, 12]",POS
"The only positive was the wait staff , which was prompt , knowledgable , and likeable .",wait staff,"[5, 6]",likeable,"[15, 15]",POS
"I am not a vegetarian but , almost all the dishes were great .",dishes,"[10, 10]",great,"[12, 12]",POS
I was very impressed by this low-key upper eastsider and their authentically thai cuisine ! ! !,thai cuisine,"[12, 13]",authentically,"[11, 11]",POS
"For the location , the prices are very reasonable .",prices,"[5, 5]",reasonable,"[8, 8]",POS
"For the location , the prices are very reasonable .",location,"[2, 2]",reasonable,"[8, 8]",NEU
The food is okay and the prices here are mediocre .,food,"[1, 1]",okay,"[3, 3]",NEU
The food is okay and the prices here are mediocre .,prices,"[6, 6]",mediocre,"[9, 9]",NEU
My friend 's food was also the complete opposite of what it 's supposed to taste like ( aND look like ) .,food,"[3, 3]",opposite,"[8, 8]",NEG
"We have been to this place many times , and always have great food , wine , and service .",food,"[13, 13]",great,"[12, 12]",POS
"We have been to this place many times , and always have great food , wine , and service .",wine,"[15, 15]",great,"[12, 12]",POS
"We have been to this place many times , and always have great food , wine , and service .",service,"[18, 18]",great,"[12, 12]",POS
"Not a typical pizza joint , but good for a low key and fairly cheap nice sit down dinner .",dinner,"[18, 18]",cheap nice,"[14, 15]",POS
The corned beef was tender and melted in my mouth .,corned beef,"[1, 2]",tender,"[4, 4]",POS
The corned beef was tender and melted in my mouth .,corned beef,"[1, 2]",melted,"[6, 6]",POS
"The best Chicken pad tai , I 've ever had .",Chicken pad tai,"[2, 4]",best,"[1, 1]",POS
$ 20 for all you can eat sushi can not be beaten .,sushi,"[7, 7]",can not be beaten,"[8, 11]",NEU
"Haru serves very fresh fish , has a trendy , modern ambiance , prime location on Park Avenue South and friendly service .",fish,"[4, 4]",fresh,"[3, 3]",POS
"Haru serves very fresh fish , has a trendy , modern ambiance , prime location on Park Avenue South and friendly service .",service,"[21, 21]",friendly,"[20, 20]",POS
"Haru serves very fresh fish , has a trendy , modern ambiance , prime location on Park Avenue South and friendly service .",ambiance,"[11, 11]",trendy,"[8, 8]",POS
"Haru serves very fresh fish , has a trendy , modern ambiance , prime location on Park Avenue South and friendly service .",ambiance,"[11, 11]",modern,"[10, 10]",POS
"Haru serves very fresh fish , has a trendy , modern ambiance , prime location on Park Avenue South and friendly service .",location,"[14, 14]",prime,"[13, 13]",POS
Warm and friendly in the winter and terrific outdoor seating in the warmer months .,outdoor seating,"[8, 9]",terrific,"[7, 7]",POS
"Very romantic fires - I 've literally spent hours at Lanterna , drinking wine from their extensive wine and enjoying the ambience .",wine,"[17, 17]",extensive,"[16, 16]",POS
"Very romantic fires - I 've literally spent hours at Lanterna , drinking wine from their extensive wine and enjoying the ambience .",ambience,"[21, 21]",enjoying,"[19, 19]",POS
We got a little tipsy from the sake but is n't that what Saturday nights with the girlfriends are all about ?,sake,"[7, 7]",tipsy,"[4, 4]",NEU
"My turkey burger was not cooked at all , my friends salmon was completely raw .",turkey burger,"[1, 2]",not cooked,"[4, 5]",NEG
"My turkey burger was not cooked at all , my friends salmon was completely raw .",salmon,"[11, 11]",raw,"[14, 14]",NEG
"His drinks are very inventive , delicious and classy .",drinks,"[1, 1]",inventive,"[4, 4]",POS
"His drinks are very inventive , delicious and classy .",drinks,"[1, 1]",delicious,"[6, 6]",POS
"His drinks are very inventive , delicious and classy .",drinks,"[1, 1]",classy,"[8, 8]",POS
"Great food , great prices , great service .",food,"[1, 1]",Great,"[0, 0]",POS
"Great food , great prices , great service .",prices,"[4, 4]",great,"[3, 3]",POS
"Great food , great prices , great service .",service,"[7, 7]",great,"[6, 6]",POS
Awesome Pizza especially the Margheritta slice .,Pizza,"[1, 1]",Awesome,"[0, 0]",POS
Awesome Pizza especially the Margheritta slice .,Margheritta,"[4, 4]",Awesome,"[0, 0]",POS
"This place , however , has a lot less pretension than Joya and the Thai food is still above average .",Thai food,"[14, 15]",above average,"[18, 19]",POS
"Try ordering from the regular menu , then you would not regret !",menu,"[5, 5]",regret,"[11, 11]",POS
"We started with lox and mussels ( the best ive ever had , ever ) and had the cod and trout for dinner .",lox,"[3, 3]",best,"[8, 8]",POS
"We started with lox and mussels ( the best ive ever had , ever ) and had the cod and trout for dinner .",mussels,"[5, 5]",best,"[8, 8]",POS
Food is great .,Food,"[0, 0]",great,"[2, 2]",POS
I recommend the meatballs and caprese salad and the beans on toast were a wonderful start to the meal !,meatballs,"[3, 3]",recommend,"[1, 1]",POS
I recommend the meatballs and caprese salad and the beans on toast were a wonderful start to the meal !,caprese salad,"[5, 6]",recommend,"[1, 1]",POS
I recommend the meatballs and caprese salad and the beans on toast were a wonderful start to the meal !,beans on toast,"[9, 11]",wonderful,"[14, 14]",POS
I recommend the meatballs and caprese salad and the beans on toast were a wonderful start to the meal !,meal,"[18, 18]",wonderful,"[14, 14]",NEU
This place is incredibly tiny .,place,"[1, 1]",tiny,"[4, 4]",NEG
"I did n't complain , I liked the atmosphere so much .",atmosphere,"[8, 8]",liked,"[6, 6]",POS
"The wine is always good , the tapas are always yummy , especially with the warm pita bread .",wine,"[1, 1]",good,"[4, 4]",POS
"The wine is always good , the tapas are always yummy , especially with the warm pita bread .",tapas,"[7, 7]",yummy,"[10, 10]",POS
"The wine is always good , the tapas are always yummy , especially with the warm pita bread .",pita bread,"[16, 17]",warm,"[15, 15]",POS
"But when you are seated the waitresses are great , they explain everything on the menu , and the price of the food is really cheap for the service you get .",waitresses,"[6, 6]",great,"[8, 8]",POS
"But when you are seated the waitresses are great , they explain everything on the menu , and the price of the food is really cheap for the service you get .",price,"[19, 19]",cheap,"[25, 25]",POS
"But when you are seated the waitresses are great , they explain everything on the menu , and the price of the food is really cheap for the service you get .",food,"[22, 22]",cheap,"[25, 25]",NEU
I 've been to several places for Dim Sum and this has got to be the WORST .,Dim Sum,"[7, 8]",WORST .,"[16, 17]",NEG
"The freshest , best variety , and the fastest delivery .",variety,"[4, 4]",best,"[3, 3]",POS
"The freshest , best variety , and the fastest delivery .",delivery,"[9, 9]",fastest,"[8, 8]",POS
Go to Volare for 1st class service and terrific food .,service,"[6, 6]",1st class,"[4, 5]",POS
Go to Volare for 1st class service and terrific food .,food,"[9, 9]",terrific,"[8, 8]",POS
"The sandwiches are dry , tasteless and way overpriced .",sandwiches,"[1, 1]",dry,"[3, 3]",NEG
"The sandwiches are dry , tasteless and way overpriced .",sandwiches,"[1, 1]",tasteless,"[5, 5]",NEG
"The sandwiches are dry , tasteless and way overpriced .",sandwiches,"[1, 1]",overpriced,"[8, 8]",NEG
The fried rice is really good too .,fried rice,"[1, 2]",good,"[5, 5]",POS
We were well attended to by the enthusiastic staff especially the manager Tony Gaskin who made excellent suggestions for our menu selections .,staff,"[8, 8]",enthusiastic,"[7, 7]",POS
We were well attended to by the enthusiastic staff especially the manager Tony Gaskin who made excellent suggestions for our menu selections .,manager,"[11, 11]",excellent,"[16, 16]",POS
Made my dining experience uncomfortable .,dining experience,"[2, 3]",uncomfortable,"[4, 4]",NEG
"A very inviting restaurant , with friendly service .",service,"[7, 7]",friendly,"[6, 6]",POS
We also had shared a house salad that was fresh .,house salad,"[5, 6]",fresh,"[9, 9]",POS
The ceiling is amazing !,ceiling,"[1, 1]",amazing,"[3, 3]",POS
Not a small feat for good french food in the area .,french food,"[6, 7]",good,"[5, 5]",POS
"The space is a bit too small for live music , so on jazz nights , it can be loud and cramped .",space,"[1, 1]",small,"[6, 6]",NEG
"The space is a bit too small for live music , so on jazz nights , it can be loud and cramped .",jazz nights,"[13, 14]",loud,"[19, 19]",NEU
"The space is a bit too small for live music , so on jazz nights , it can be loud and cramped .",jazz nights,"[13, 14]",cramped,"[21, 21]",NEU
Big Wong gets big Ups for a fine establishment .,establishment,"[8, 8]",fine,"[7, 7]",POS
"The entree was bland and small , dessert was not inspired .",entree,"[1, 1]",bland,"[3, 3]",NEG
"The entree was bland and small , dessert was not inspired .",entree,"[1, 1]",small,"[5, 5]",NEG
"The entree was bland and small , dessert was not inspired .",dessert,"[7, 7]",not inspired,"[9, 10]",NEG
The staff was the friendliest that have seen in New York .,staff,"[1, 1]",friendliest,"[4, 4]",POS
"With the exception of our lemon salad that had so much pepper on it that our eyes started watering , the food here was decent , not great .",food,"[21, 21]",decent,"[24, 24]",NEU
"With the exception of our lemon salad that had so much pepper on it that our eyes started watering , the food here was decent , not great .",food,"[21, 21]",not great,"[26, 27]",NEU
"With the exception of our lemon salad that had so much pepper on it that our eyes started watering , the food here was decent , not great .",pepper,"[11, 11]",much,"[10, 10]",NEG
"The Pad thai , lad nar and various other dishes all look good on paper but , I 've had better thai food in less asthetically pleasing places .",thai food,"[21, 22]",better,"[20, 20]",NEU
Delicious food at a great price but do not go here on a cold day and sit by the front door .,food,"[1, 1]",Delicious,"[0, 0]",POS
Delicious food at a great price but do not go here on a cold day and sit by the front door .,price,"[5, 5]",great,"[4, 4]",POS
Delicious food at a great price but do not go here on a cold day and sit by the front door .,front door,"[19, 20]",cold,"[13, 13]",NEU
"Overall , I 'm still impressed that the place even exists and the prices are quite decent but then again , its Chinatown .",prices,"[13, 13]",decent,"[16, 16]",POS
Pizza was a little soggy .,Pizza,"[0, 0]",soggy,"[4, 4]",NEG
"The food inludes famous scrumptious bombay style chaat such as bhelpuri , sevpuri and samosa chaats , as well as other great indian appetizers .",bhelpuri,"[10, 10]",scrumptious,"[4, 4]",POS
"The food inludes famous scrumptious bombay style chaat such as bhelpuri , sevpuri and samosa chaats , as well as other great indian appetizers .",sevpuri,"[12, 12]",scrumptious,"[4, 4]",POS
"The food inludes famous scrumptious bombay style chaat such as bhelpuri , sevpuri and samosa chaats , as well as other great indian appetizers .",samosa chaats,"[14, 15]",scrumptious,"[4, 4]",POS
"The food inludes famous scrumptious bombay style chaat such as bhelpuri , sevpuri and samosa chaats , as well as other great indian appetizers .",indian appetizers,"[22, 23]",scrumptious,"[4, 4]",POS
"The food inludes famous scrumptious bombay style chaat such as bhelpuri , sevpuri and samosa chaats , as well as other great indian appetizers .",indian appetizers,"[22, 23]",great,"[21, 21]",POS
"The food inludes famous scrumptious bombay style chaat such as bhelpuri , sevpuri and samosa chaats , as well as other great indian appetizers .",bombay style chaat,"[5, 7]",famous scrumptious,"[3, 4]",POS
The only problem is that the manager is a complete incompetent .,manager,"[6, 6]",incompetent,"[10, 10]",NEG
The wine list is interesting and has many good values .,wine list,"[1, 2]",interesting,"[4, 4]",POS
The wine list is interesting and has many good values .,wine list,"[1, 2]",good values,"[8, 9]",POS
Definite go if you 're used to good Indian restaurant food from abroad .,Indian restaurant food,"[8, 10]",good,"[7, 7]",POS
"By far , the best pizza in Manhattan .",pizza,"[5, 5]",best,"[4, 4]",POS
"Decent Thai food in cute - though a bit dank - little Nolita hangout , BUT service terrible .",Thai food,"[1, 2]",Decent,"[0, 0]",POS
"Decent Thai food in cute - though a bit dank - little Nolita hangout , BUT service terrible .",service,"[16, 16]",terrible,"[17, 17]",NEG
"The food is mostly made from scratch , fresh and well prepared .",food,"[1, 1]",fresh,"[8, 8]",POS
"The food is mostly made from scratch , fresh and well prepared .",food,"[1, 1]",well prepared,"[10, 11]",POS
"NO more reservations , expensive tips and annoying stuff .",reservations,"[2, 2]",NO more,"[0, 1]",POS
"NO more reservations , expensive tips and annoying stuff .",tips,"[5, 5]",expensive,"[4, 4]",POS
"NO more reservations , expensive tips and annoying stuff .",stuff,"[8, 8]",annoying,"[7, 7]",POS
$ 20 gets you unlimited sushi of a very high quality -- I even took a friend here from Japan who said it was one of the best sushi places in the US that he has been to .,sushi,"[5, 5]",unlimited,"[4, 4]",POS
$ 20 gets you unlimited sushi of a very high quality -- I even took a friend here from Japan who said it was one of the best sushi places in the US that he has been to .,sushi places,"[28, 29]",best,"[27, 27]",POS
$ 20 gets you unlimited sushi of a very high quality -- I even took a friend here from Japan who said it was one of the best sushi places in the US that he has been to .,quality,"[10, 10]",high,"[9, 9]",POS
Sushi was n't anything spectacular for the price .,Sushi,"[0, 0]",spectacular,"[4, 4]",NEU
"But they do n't have a toaster , which is strange .",toaster,"[6, 6]",strange,"[10, 10]",NEG
"So , for good food i 'd recommend it , but not for a fun night out .",food,"[4, 4]",good,"[3, 3]",POS
"So , for good food i 'd recommend it , but not for a fun night out .",food,"[4, 4]",recommend,"[7, 7]",POS
The menu choices are similar but the taste lacked more flavor than it looked .,taste,"[7, 7]",lacked,"[8, 8]",NEG
The menu choices are similar but the taste lacked more flavor than it looked .,menu choices,"[1, 2]",similar,"[4, 4]",NEU
The menu choices are similar but the taste lacked more flavor than it looked .,flavor,"[10, 10]",lacked,"[8, 8]",NEG
A must for all the Dosa lovers .,Dosa,"[5, 5]",must,"[1, 1]",POS
"The portions are HUGE , so it might be good to order three things to split ( rather than one appetizer and entree per person ) for two people .",portions,"[1, 1]",HUGE,"[3, 3]",POS
The appetizers are just OK and the main courses were decidedly subpar .,appetizers,"[1, 1]",OK,"[4, 4]",NEU
The appetizers are just OK and the main courses were decidedly subpar .,main courses,"[7, 8]",subpar,"[11, 11]",NEG
The exotic food is beautifully presented and is a delight in delicious combinations .,exotic food,"[1, 2]",beautifully presented,"[4, 5]",POS
The exotic food is beautifully presented and is a delight in delicious combinations .,exotic food,"[1, 2]",delight,"[9, 9]",POS
The staff is very attentive and we can almost always get a table .,staff,"[1, 1]",attentive,"[4, 4]",POS
"Try the mediterranean salad , it is a true experience for your taste buds ! !",mediterranean salad,"[2, 3]",Try,"[0, 0]",POS
People are always friendly .,People,"[0, 0]",friendly,"[3, 3]",POS
The cream cheeses are out of this world and I love that coffee ! !,cream cheeses,"[1, 2]",out of this world,"[4, 7]",POS
The cream cheeses are out of this world and I love that coffee ! !,coffee,"[12, 12]",love,"[10, 10]",POS
"From the entrees to the sides to the drinks , everything was creatively prepared yet still simple .",entrees,"[2, 2]",creatively prepared,"[12, 13]",POS
"From the entrees to the sides to the drinks , everything was creatively prepared yet still simple .",entrees,"[2, 2]",simple,"[16, 16]",POS
"From the entrees to the sides to the drinks , everything was creatively prepared yet still simple .",sides,"[5, 5]",creatively prepared,"[12, 13]",POS
"From the entrees to the sides to the drinks , everything was creatively prepared yet still simple .",sides,"[5, 5]",simple,"[16, 16]",POS
"From the entrees to the sides to the drinks , everything was creatively prepared yet still simple .",drinks,"[8, 8]",creatively prepared,"[12, 13]",POS
"From the entrees to the sides to the drinks , everything was creatively prepared yet still simple .",drinks,"[8, 8]",simple,"[16, 16]",POS
Service was prompt and courteous .,Service,"[0, 0]",prompt,"[2, 2]",POS
Service was prompt and courteous .,Service,"[0, 0]",courteous,"[4, 4]",POS
It was not above ordinary and the beef version had cheap ( undercooked ) beef .,beef version,"[7, 8]",cheap,"[10, 10]",NEG
It was not above ordinary and the beef version had cheap ( undercooked ) beef .,beef version,"[7, 8]",undercooked,"[12, 12]",NEG
It was not above ordinary and the beef version had cheap ( undercooked ) beef .,beef,"[14, 14]",cheap,"[10, 10]",NEG
It was not above ordinary and the beef version had cheap ( undercooked ) beef .,beef,"[14, 14]",undercooked,"[12, 12]",NEG
"Chance is a small cozy restaurant , with a romantic feel to it , the decor is great .",decor,"[15, 15]",great,"[17, 17]",POS
"Only wine and beer are served , but the house varities are actually quite good .",house varities,"[9, 10]",good,"[14, 14]",POS
we split a tasty vegetable samosa and the malai tikka wrap .,vegetable samosa,"[4, 5]",tasty,"[3, 3]",POS
we split a tasty vegetable samosa and the malai tikka wrap .,malai tikka wrap,"[8, 10]",tasty,"[3, 3]",POS
Knowledge of the chef and the waitress are below average .,chef,"[3, 3]",below average,"[8, 9]",NEG
Knowledge of the chef and the waitress are below average .,waitress,"[6, 6]",below average,"[8, 9]",NEG
Decent wine selection too .,wine selection,"[1, 2]",Decent,"[0, 0]",POS
I have to say I have never had a disapointing meal here .,meal,"[10, 10]",never had a disapointing,"[6, 9]",POS
"If you want a casual neighborhood bistro that has great food and excellent service , this is the place .",food,"[10, 10]",great,"[9, 9]",POS
"If you want a casual neighborhood bistro that has great food and excellent service , this is the place .",service,"[13, 13]",excellent,"[12, 12]",POS
great place to go for a drink too because they have 100 kinds of beer .,drink,"[6, 6]",great,"[0, 0]",NEU
"Meanwhile , the bartender continued to pour champagne from his reserve after we had finished our bottle and we enjoyed an amuse of turnip soup with pureed basil , gratis .",turnip soup with pureed basil,"[23, 27]",enjoyed,"[19, 19]",POS
The food was well prepared and the service impecable .,food,"[1, 1]",well prepared,"[3, 4]",POS
The food was well prepared and the service impecable .,service,"[7, 7]",impecable,"[8, 8]",POS
"BUt their best dish is thh Thai spiced curry noodles with shrimp - a dish that would cost $ 23.95 is most places , but it is $ 16 here .",dish,"[3, 3]",best,"[2, 2]",POS
"BUt their best dish is thh Thai spiced curry noodles with shrimp - a dish that would cost $ 23.95 is most places , but it is $ 16 here .",Thai spiced curry noodles with shrimp,"[6, 11]",best,"[2, 2]",POS
"BUt their best dish is thh Thai spiced curry noodles with shrimp - a dish that would cost $ 23.95 is most places , but it is $ 16 here .",dish,"[3, 3]",best,"[2, 2]",POS
"Good , dark atmosphere and the music is a nice touch .",atmosphere,"[3, 3]",Good,"[0, 0]",POS
"Good , dark atmosphere and the music is a nice touch .",atmosphere,"[3, 3]",dark,"[2, 2]",POS
"Good , dark atmosphere and the music is a nice touch .",music,"[6, 6]",nice touch,"[9, 10]",POS
But the thai is definitely not great -- bland and undistinguished .,thai,"[2, 2]",not great,"[5, 6]",NEG
But the thai is definitely not great -- bland and undistinguished .,thai,"[2, 2]",bland,"[8, 8]",NEG
But the thai is definitely not great -- bland and undistinguished .,thai,"[2, 2]",undistinguished,"[10, 10]",NEG
"Great for groups , great for a date , great for early brunch or a nightcap .",brunch,"[12, 12]",great,"[9, 9]",POS
"Great for groups , great for a date , great for early brunch or a nightcap .",nightcap,"[15, 15]",great,"[9, 9]",POS
Our friendly server made great food suggestions and also sent both the sommelier and the fromager to the table to help suggest different pairings for wine and cheese .,food suggestions,"[5, 6]",great,"[4, 4]",POS
Our friendly server made great food suggestions and also sent both the sommelier and the fromager to the table to help suggest different pairings for wine and cheese .,server,"[2, 2]",friendly,"[1, 1]",POS
While the food was good ( certainly no Il Mulino ) the service was horrendous .,food,"[2, 2]",good,"[4, 4]",POS
While the food was good ( certainly no Il Mulino ) the service was horrendous .,service,"[12, 12]",horrendous,"[14, 14]",NEG
Service is not what one would expect from a joint in this price category .,Service,"[0, 0]",not what one would expect,"[2, 6]",NEG
Service is not what one would expect from a joint in this price category .,price category,"[12, 13]",expect,"[6, 6]",NEG
i would recommend reservations on weekends though .,reservations,"[3, 3]",recommend,"[2, 2]",NEU
Great pizza for lunch place .,pizza,"[1, 1]",Great,"[0, 0]",POS
We were a group of 8 and well seved .,seved,"[8, 8]",well,"[7, 7]",POS
"I LOVE their spicy scallop roll , and my boyfriend consistently gets the sesame chicken .",scallop roll,"[4, 5]",LOVE,"[1, 1]",POS
Best dish is nori-wrapped tuna .,nori-wrapped tuna,"[3, 4]",Best,"[0, 0]",POS
Best dish is nori-wrapped tuna .,dish,"[1, 1]",Best,"[0, 0]",POS
The food was absolutely amazing ! !,food,"[1, 1]",amazing,"[4, 4]",POS
"An excellent alternative to fast food joints and ordering in but , the food was slightly disappointing .",food,"[13, 13]",excellent,"[1, 1]",NEG
"An excellent alternative to fast food joints and ordering in but , the food was slightly disappointing .",food,"[13, 13]",disappointing,"[16, 16]",NEG
Mermaid Inn is an overall good restaurant with really good seafood .,seafood,"[10, 10]",good,"[9, 9]",POS
The staff is also attentive and friendly .,staff,"[1, 1]",attentive,"[4, 4]",POS
"That is a problem since we paid about 20 bucks a dish , and had to order 5 dishes to get a decent taste .",taste,"[23, 23]",decent,"[22, 22]",NEU
They were such a rip-off ( $ 8.95 for four small meat patties in steamed buns ) and not worth trying .,meat patties in steamed buns,"[11, 15]",rip-off,"[4, 4]",NEG
They were such a rip-off ( $ 8.95 for four small meat patties in steamed buns ) and not worth trying .,meat patties in steamed buns,"[11, 15]",not worth trying,"[18, 20]",NEG
All of the pizzas are terrific and the price is even better !,pizzas,"[3, 3]",terrific,"[5, 5]",POS
All of the pizzas are terrific and the price is even better !,price,"[8, 8]",better,"[11, 11]",POS
"It is about FOOD and Ambiance , and imagine how dreadful it will be it we only had to listen to an idle engine .",FOOD,"[3, 3]",dreadful,"[10, 10]",NEG
"It is about FOOD and Ambiance , and imagine how dreadful it will be it we only had to listen to an idle engine .",Ambiance,"[5, 5]",dreadful,"[10, 10]",NEG
The food was good too .,food,"[1, 1]",good,"[3, 3]",POS
"Admittedly , this is not the place for gigantic pieces of fish overflowing the plate ( and thank goodness , in my opinion ) but for simple , elegant sushi there is no better place in New York or anywhere in the US .",sushi,"[29, 29]",simple,"[26, 26]",POS
"Admittedly , this is not the place for gigantic pieces of fish overflowing the plate ( and thank goodness , in my opinion ) but for simple , elegant sushi there is no better place in New York or anywhere in the US .",sushi,"[29, 29]",elegant,"[28, 28]",POS
The menu seemed to have a wide variety of dishes for seafood lovers and interesting ways of preparing them .,menu,"[1, 1]",wide,"[6, 6]",POS
The menu seemed to have a wide variety of dishes for seafood lovers and interesting ways of preparing them .,variety of dishes,"[7, 9]",wide,"[6, 6]",POS
The menu seemed to have a wide variety of dishes for seafood lovers and interesting ways of preparing them .,seafood,"[11, 11]",interesting,"[14, 14]",POS
The white bean brushetta to start was incredible and the pasta was phenomenal .,white bean brushetta,"[1, 3]",incredible,"[7, 7]",POS
The white bean brushetta to start was incredible and the pasta was phenomenal .,pasta,"[10, 10]",phenomenal,"[12, 12]",POS
The rest of the menu is limited by everything is good eats .,eats,"[11, 11]",good,"[10, 10]",POS
"Great food , great lay out and awesome service .",food,"[1, 1]",great,"[3, 3]",POS
"Great food , great lay out and awesome service .",lay out,"[4, 5]",great,"[3, 3]",POS
"Great food , great lay out and awesome service .",service,"[8, 8]",awesome,"[7, 7]",POS
We walked in on a Wednesday night and were seated promptly .,seated,"[9, 9]",promptly,"[10, 10]",POS
"The wait staff is very freindly , they make it feel like you 're eating in a freindly little european town .",wait staff,"[1, 2]",freindly,"[5, 5]",POS
"The waitstaff are all very busy , it 's not outstanding service , but I 've never been dealt with rudely .",waitstaff,"[1, 1]",busy,"[5, 5]",NEG
"The flavors are great , and the menu is extensive .",flavors,"[1, 1]",great,"[3, 3]",POS
"The flavors are great , and the menu is extensive .",menu,"[7, 7]",extensive,"[9, 9]",POS
The food has been consistant for years and it never lets you down .,food,"[1, 1]",consistant,"[4, 4]",POS
"And forget what you read under me , the atmosphere is n't that bad either .",atmosphere,"[9, 9]",is n't that bad,"[10, 13]",NEU
"We could n't carry our conversation as we were routinely interrupted by waitress and servants asking us to order and hinting that we 're taking too much time -- amazing , we just sat down .",waitress,"[12, 12]",interrupted,"[10, 10]",NEG
"We could n't carry our conversation as we were routinely interrupted by waitress and servants asking us to order and hinting that we 're taking too much time -- amazing , we just sat down .",servants,"[14, 14]",interrupted,"[10, 10]",NEG
sometimes i get good food and ok service .,food,"[4, 4]",good,"[3, 3]",POS
sometimes i get good food and ok service .,service,"[7, 7]",ok,"[6, 6]",NEU
"It 's a place for people who pay a lot for mediocre food , noise and a chance to be with their fellow bridge and tunnel folks .",food,"[12, 12]",mediocre,"[11, 11]",NEU
"It 's a place for people who pay a lot for mediocre food , noise and a chance to be with their fellow bridge and tunnel folks .",noise,"[14, 14]",mediocre,"[11, 11]",NEG
"After complaining about the chicken dish , the manager came over to tell us that , no one had ever complained before , and that we just did n't know what the dish was supposed to taste like .",chicken dish,"[4, 5]",complaining,"[1, 1]",NEG
The food was spicy and delicious .,food,"[1, 1]",spicy,"[3, 3]",POS
The food was spicy and delicious .,food,"[1, 1]",delicious,"[5, 5]",POS
Bartender was unable to tear himself away from friends at bar .,Bartender,"[0, 0]",unable to tear,"[2, 4]",NEG
"Anyways , if you 're in the neighborhood to eat good food , I would n't waste my time trying to find something , rather go across the street to Tamari .",food,"[11, 11]",good,"[10, 10]",POS
This was my frist time at Cafe St. Bart 's and I must say how delicous the food and the service was .,food,"[17, 17]",delicous,"[15, 15]",POS
This was my frist time at Cafe St. Bart 's and I must say how delicous the food and the service was .,service,"[20, 20]",delicous,"[15, 15]",POS
"One would think we 'd get an apology or complimentary drinks - instead , we got a snobby waiter would n't even take our order for 15 minutes and gave us lip when we asked him to do so .",waiter,"[18, 18]",snobby,"[17, 17]",NEG
"We actually gave 10 % tip ( which we have never done despite mediocre food and service ) , because we felt totally ripped off .",food,"[14, 14]",mediocre,"[13, 13]",NEU
"We actually gave 10 % tip ( which we have never done despite mediocre food and service ) , because we felt totally ripped off .",service,"[16, 16]",mediocre,"[13, 13]",NEU
We were looking forward to nice glass of Sangria when we arrived .,glass of Sangria,"[6, 8]",nice,"[5, 5]",POS
I would highly recommend requesting a table by the window .,table by the window,"[6, 9]",recommend,"[3, 3]",POS
"While we enjoyed the food , we were highly disappointed by the poor service ( waiter was not quite competent and SLOW service ) and lack of remorse .",food,"[4, 4]",enjoyed,"[2, 2]",POS
"While we enjoyed the food , we were highly disappointed by the poor service ( waiter was not quite competent and SLOW service ) and lack of remorse .",service,"[13, 13]",poor,"[12, 12]",NEG
"While we enjoyed the food , we were highly disappointed by the poor service ( waiter was not quite competent and SLOW service ) and lack of remorse .",waiter,"[15, 15]",not quite competent,"[17, 19]",NEG
"While we enjoyed the food , we were highly disappointed by the poor service ( waiter was not quite competent and SLOW service ) and lack of remorse .",service,"[22, 22]",SLOW,"[21, 21]",NEG
We 've been to Grocery three times and not once has an item on the menu disappointed .,menu,"[15, 15]",disappointed,"[16, 16]",POS
A touch more jalapeno heat for contrast and it would have been very good indeed .,jalapeno,"[3, 3]",good,"[13, 13]",POS
"We ate out in the back patio , which is worth it as it 's cool and the music is hear well there .",back patio,"[5, 6]",worth,"[10, 10]",POS
"We ate out in the back patio , which is worth it as it 's cool and the music is hear well there .",back patio,"[5, 6]",cool,"[15, 15]",POS
"We ate out in the back patio , which is worth it as it 's cool and the music is hear well there .",music,"[18, 18]",well,"[21, 21]",POS
"Guacamole+shrimp appetizer was really great , we both had the filet , very good , did n't much like the frites that came with , but the filet was so good , neither of us cared .",Guacamole+shrimp appetizer,"[0, 1]",great,"[4, 4]",POS
"Guacamole+shrimp appetizer was really great , we both had the filet , very good , did n't much like the frites that came with , but the filet was so good , neither of us cared .",filet,"[10, 10]",good,"[13, 13]",POS
"Guacamole+shrimp appetizer was really great , we both had the filet , very good , did n't much like the frites that came with , but the filet was so good , neither of us cared .",filet,"[27, 27]",good,"[30, 30]",POS
Nothing fancy but really good food with pretty reasonable price .,food,"[5, 5]",good,"[4, 4]",POS
Nothing fancy but really good food with pretty reasonable price .,price,"[9, 9]",reasonable,"[8, 8]",POS
"While I quite liked the food and the ambience , I 'm not quite sure if it they really deserve it the Michelin rating they have displayed so prooudly in the window .",food,"[5, 5]",liked,"[3, 3]",POS
"While I quite liked the food and the ambience , I 'm not quite sure if it they really deserve it the Michelin rating they have displayed so prooudly in the window .",ambience,"[8, 8]",liked,"[3, 3]",POS
Not worth the prices .,prices,"[3, 3]",worth,"[1, 1]",NEG
From the moment you enter till the moment you walk out the friendly and helpful staff was was just Fantastic .,staff,"[15, 15]",friendly,"[12, 12]",POS
From the moment you enter till the moment you walk out the friendly and helpful staff was was just Fantastic .,staff,"[15, 15]",helpful,"[14, 14]",POS
From the moment you enter till the moment you walk out the friendly and helpful staff was was just Fantastic .,staff,"[15, 15]",Fantastic,"[19, 19]",POS
Service was good and food is wonderful .,Service,"[0, 0]",good,"[2, 2]",POS
Service was good and food is wonderful .,food,"[4, 4]",wonderful,"[6, 6]",POS
The quality of food at this restaurant accompanied by fantastic live jazz makes this place a perfect 10 !,quality of food,"[1, 3]",perfect,"[16, 16]",POS
The quality of food at this restaurant accompanied by fantastic live jazz makes this place a perfect 10 !,live jazz,"[10, 11]",fantastic,"[9, 9]",POS
"If your visiting , you 'll enjoy the ambiance and the fact that it 's in Time Sq ...",ambiance,"[8, 8]",enjoy,"[6, 6]",POS
Service and food is what any one would expect when spending that type of money .,Service,"[0, 0]",expect,"[8, 8]",NEU
Service and food is what any one would expect when spending that type of money .,food,"[2, 2]",expect,"[8, 8]",NEU
LOVE the atmosphere - felt like I was in Paris .,atmosphere,"[2, 2]",LOVE,"[0, 0]",POS
Every course was better than the next .,course,"[1, 1]",better,"[3, 3]",POS
The staff is incredibly helpful and attentive .,staff,"[1, 1]",helpful,"[4, 4]",POS
The staff is incredibly helpful and attentive .,staff,"[1, 1]",attentive,"[6, 6]",POS
The Yellowtail was particularly good as well .,Yellowtail,"[1, 1]",good,"[4, 4]",POS
I ate clams oreganta and spectacular salad with perfectly marinated cucumbers and tomatoes with lots of shrimp and basil .,salad with perfectly marinated cucumbers and tomatoes with lots of shrimp and basil,"[6, 18]",perfectly,"[8, 8]",POS
"The menu changed , portions were even smaller than before , a lentil dish was salty beyond edibility , a basmati rice dish lacked flavor .",menu,"[1, 1]",changed,"[2, 2]",NEG
"The menu changed , portions were even smaller than before , a lentil dish was salty beyond edibility , a basmati rice dish lacked flavor .",portions,"[4, 4]",smaller,"[7, 7]",NEG
"The menu changed , portions were even smaller than before , a lentil dish was salty beyond edibility , a basmati rice dish lacked flavor .",lentil dish,"[12, 13]",salty,"[15, 15]",NEG
"The menu changed , portions were even smaller than before , a lentil dish was salty beyond edibility , a basmati rice dish lacked flavor .",basmati rice dish,"[20, 22]",lacked flavor,"[23, 24]",NEG
"The menu changed , portions were even smaller than before , a lentil dish was salty beyond edibility , a basmati rice dish lacked flavor .",flavor,"[24, 24]",lacked,"[23, 23]",NEG
Patroon features a nice cigar bar and has great staff .,cigar bar,"[4, 5]",nice,"[3, 3]",POS
Patroon features a nice cigar bar and has great staff .,staff,"[9, 9]",great,"[8, 8]",POS
Very affordable and excellent ambient !,ambient,"[4, 4]",affordable,"[1, 1]",POS
Very affordable and excellent ambient !,ambient,"[4, 4]",excellent,"[3, 3]",POS
"More important , the sushi rivals the best in Tokyo .",sushi,"[4, 4]",best,"[7, 7]",POS
Why do people rave about the ambience .,ambience,"[6, 6]",rave,"[3, 3]",NEG
"Fluke sashimi drizzled with jalapeno-lime olive oil , the fruit of the oil nicely highlighting the fish 's sweetness .",fruit of the oil,"[9, 12]",nicely,"[13, 13]",POS
"Fluke sashimi drizzled with jalapeno-lime olive oil , the fruit of the oil nicely highlighting the fish 's sweetness .",fish,"[16, 16]",sweetness,"[18, 18]",POS
Great sushi experience .,sushi,"[1, 1]",Great,"[0, 0]",POS
"If you 're looking for a great meal at a decent price , go to Del Frisco 's !",meal,"[7, 7]",great,"[6, 6]",POS
"If you 're looking for a great meal at a decent price , go to Del Frisco 's !",price,"[11, 11]",decent,"[10, 10]",POS
"Try the congee and the donut like deep fried dough they call Ow Ley Soh , a delicious and sweet tasting bread .",congee,"[2, 2]",Try,"[0, 0]",POS
"Try the congee and the donut like deep fried dough they call Ow Ley Soh , a delicious and sweet tasting bread .",bread,"[21, 21]",delicious,"[17, 17]",POS
"Try the congee and the donut like deep fried dough they call Ow Ley Soh , a delicious and sweet tasting bread .",bread,"[21, 21]",sweet tasting,"[19, 20]",POS
"Try the congee and the donut like deep fried dough they call Ow Ley Soh , a delicious and sweet tasting bread .",donut like deep fried dough they call Ow Ley Soh,"[5, 14]",delicious,"[17, 17]",POS
"Try the congee and the donut like deep fried dough they call Ow Ley Soh , a delicious and sweet tasting bread .",donut like deep fried dough they call Ow Ley Soh,"[5, 14]",sweet,"[19, 19]",POS
The food was delicious and the waiter was incredibly helpful and attentive ( considering we were the only ones there for the first hour ) .,food,"[1, 1]",delicious,"[3, 3]",POS
The food was delicious and the waiter was incredibly helpful and attentive ( considering we were the only ones there for the first hour ) .,waiter,"[6, 6]",helpful,"[9, 9]",POS
The food was delicious and the waiter was incredibly helpful and attentive ( considering we were the only ones there for the first hour ) .,waiter,"[6, 6]",attentive,"[11, 11]",POS
The place was real empty but that was because this was the first Sunday they ever opened .,place,"[1, 1]",empty,"[4, 4]",NEG
This little place definitely exceeded my expectations and you sure get a lot of food for your money .,food,"[14, 14]",lot,"[12, 12]",POS
"Ambience is delightful , service impeccable .",Ambience,"[0, 0]",delightful,"[2, 2]",POS
"Ambience is delightful , service impeccable .",service,"[4, 4]",impeccable,"[5, 5]",POS
You get the sense that the people there care about their restaurant and about your experience and that is very nice .,people,"[6, 6]",nice,"[20, 20]",POS
"Both are delicious , the cooks are friendly and are willing to take a moment and speak to you and shake your hand .",cooks,"[5, 5]",friendly,"[7, 7]",POS
"The staff was accomodating , the food was absolutely delicious and the place is lovely .",staff,"[1, 1]",accomodating,"[3, 3]",POS
"The staff was accomodating , the food was absolutely delicious and the place is lovely .",food,"[6, 6]",delicious,"[9, 9]",POS
"The staff was accomodating , the food was absolutely delicious and the place is lovely .",place,"[12, 12]",lovely,"[14, 14]",POS
"my picks are : - Scallion Pancake ( fried with vegetable juice , very special and tasty ) - Guizhou Chicken - Shredded Squid Family Style ( one of my personal favorites ) - Sichuan Spicy Soft Shell Crab - Shuizhu Fish ( this one is for hardcore Sichuan food fans , I would n't recommend to my American friends as it 's very spicy .",Scallion Pancake,"[5, 6]",special,"[14, 14]",POS
"my picks are : - Scallion Pancake ( fried with vegetable juice , very special and tasty ) - Guizhou Chicken - Shredded Squid Family Style ( one of my personal favorites ) - Sichuan Spicy Soft Shell Crab - Shuizhu Fish ( this one is for hardcore Sichuan food fans , I would n't recommend to my American friends as it 's very spicy .",Scallion Pancake,"[5, 6]",tasty,"[16, 16]",POS
"my picks are : - Scallion Pancake ( fried with vegetable juice , very special and tasty ) - Guizhou Chicken - Shredded Squid Family Style ( one of my personal favorites ) - Sichuan Spicy Soft Shell Crab - Shuizhu Fish ( this one is for hardcore Sichuan food fans , I would n't recommend to my American friends as it 's very spicy .",Shredded Squid Family Style,"[22, 25]",favorites,"[31, 31]",POS
"my picks are : - Scallion Pancake ( fried with vegetable juice , very special and tasty ) - Guizhou Chicken - Shredded Squid Family Style ( one of my personal favorites ) - Sichuan Spicy Soft Shell Crab - Shuizhu Fish ( this one is for hardcore Sichuan food fans , I would n't recommend to my American friends as it 's very spicy .",Shuizhu Fish,"[40, 41]",spicy,"[64, 64]",POS
They smell like they stuff them with old canned vegetables like the spinach mushroom calzone .,spinach mushroom calzone,"[12, 14]",old,"[7, 7]",NEG
They smell like they stuff them with old canned vegetables like the spinach mushroom calzone .,canned vegetables,"[8, 9]",old,"[7, 7]",NEG
There was a great deal for 6 Blue Point oysters and a beer or glass of wine for $ 8 !,Blue Point oysters,"[7, 9]",great,"[3, 3]",NEU
There was a great deal for 6 Blue Point oysters and a beer or glass of wine for $ 8 !,beer,"[12, 12]",great,"[3, 3]",NEU
There was a great deal for 6 Blue Point oysters and a beer or glass of wine for $ 8 !,glass of wine,"[14, 16]",great,"[3, 3]",NEU
I really liked the noodle dishes at Rice Avenue compared to their Green Curry dish .,noodle dishes,"[4, 5]",liked,"[2, 2]",POS
"But for whatever reason , prices are about twice as high .",prices,"[5, 5]",high,"[10, 10]",NEG
I am relatively new to the area and tried Pick a bgel on 2nd and was disappointed with the service and I thought the food was overated and on the pricey side .,service,"[19, 19]",disappointed,"[16, 16]",NEG
I am relatively new to the area and tried Pick a bgel on 2nd and was disappointed with the service and I thought the food was overated and on the pricey side .,food,"[24, 24]",overated,"[26, 26]",NEG
I am relatively new to the area and tried Pick a bgel on 2nd and was disappointed with the service and I thought the food was overated and on the pricey side .,food,"[24, 24]",pricey,"[30, 30]",NEG
Great atmoshere and worth every bit .,atmoshere,"[1, 1]",Great,"[0, 0]",POS
The staff was knowledgeable and full of personality .,staff,"[1, 1]",knowledgeable,"[3, 3]",POS
"Only complaint would be that at an average cost of $ 12- $ 15 per meal , I 'd like not to have to worry about finding a seat !",cost,"[8, 8]",complaint,"[1, 1]",NEG
"Only complaint would be that at an average cost of $ 12- $ 15 per meal , I 'd like not to have to worry about finding a seat !",seat,"[28, 28]",not to have to worry,"[20, 24]",NEG
The banana tower is an amazing dessert as well .,banana tower,"[1, 2]",amazing,"[5, 5]",POS
The banana tower is an amazing dessert as well .,dessert,"[6, 6]",amazing,"[5, 5]",POS
"Excellent atmosphere , delicious dishes good and friendly service .",atmosphere,"[1, 1]",Excellent,"[0, 0]",POS
"Excellent atmosphere , delicious dishes good and friendly service .",dishes,"[4, 4]",delicious,"[3, 3]",POS
"Excellent atmosphere , delicious dishes good and friendly service .",service,"[8, 8]",good,"[5, 5]",POS
"Excellent atmosphere , delicious dishes good and friendly service .",service,"[8, 8]",friendly,"[7, 7]",POS
A cool place to hang with your friends for a couple of healthy drinks and desserts .,place,"[2, 2]",cool,"[1, 1]",POS
A cool place to hang with your friends for a couple of healthy drinks and desserts .,drinks,"[13, 13]",healthy,"[12, 12]",POS
A cool place to hang with your friends for a couple of healthy drinks and desserts .,desserts,"[15, 15]",healthy,"[12, 12]",POS
"I like Mamoun 's food as well , but side by side , Kati Rolls just produce tastier food hands down .",food,"[4, 4]",like,"[1, 1]",POS
"I like Mamoun 's food as well , but side by side , Kati Rolls just produce tastier food hands down .",food,"[18, 18]",tastier,"[17, 17]",POS
"The service is a bit slow , but harkens back to my years growing up in Napoli , Italy where things are not rushed and when you sit down for dinner the table is yours all night .",service,"[1, 1]",slow,"[5, 5]",NEG
"A cool bar with great food , and tons of excellent beer .",bar,"[2, 2]",cool,"[1, 1]",POS
"A cool bar with great food , and tons of excellent beer .",food,"[5, 5]",great,"[4, 4]",POS
"A cool bar with great food , and tons of excellent beer .",beer,"[11, 11]",excellent,"[10, 10]",POS
"Be sure to try the seasonal , and always delicious , specials .",specials,"[11, 11]",try,"[3, 3]",POS
"Be sure to try the seasonal , and always delicious , specials .",specials,"[11, 11]",seasonal,"[5, 5]",POS
"Be sure to try the seasonal , and always delicious , specials .",specials,"[11, 11]",delicious,"[9, 9]",POS
The ambience is authentic and relaxing and we have always received attentive and prompt service .,ambience,"[1, 1]",authentic,"[3, 3]",POS
The ambience is authentic and relaxing and we have always received attentive and prompt service .,ambience,"[1, 1]",relaxing,"[5, 5]",POS
The ambience is authentic and relaxing and we have always received attentive and prompt service .,service,"[14, 14]",attentive,"[11, 11]",POS
The ambience is authentic and relaxing and we have always received attentive and prompt service .,service,"[14, 14]",prompt,"[13, 13]",POS
"Fresh , authentic , french cuisine in substantial portions .",french cuisine,"[4, 5]",Fresh,"[0, 0]",POS
"Fresh , authentic , french cuisine in substantial portions .",french cuisine,"[4, 5]",authentic,"[2, 2]",POS
"Fresh , authentic , french cuisine in substantial portions .",portions,"[8, 8]",substantial,"[7, 7]",POS
"Drinks got screwed up , she acted put upon .",Drinks,"[0, 0]",screwed up,"[2, 3]",NEG
The one vegetarian entree ( Abby 's treasure ) was actually quite a surprise - it was delicious and had wintermelon covering an assortment of fresh mushrooms and vegetables .,vegetarian entree,"[2, 3]",surprise,"[13, 13]",POS
The one vegetarian entree ( Abby 's treasure ) was actually quite a surprise - it was delicious and had wintermelon covering an assortment of fresh mushrooms and vegetables .,vegetarian entree,"[2, 3]",delicious,"[17, 17]",POS
The one vegetarian entree ( Abby 's treasure ) was actually quite a surprise - it was delicious and had wintermelon covering an assortment of fresh mushrooms and vegetables .,Abby 's treasure,"[5, 7]",surprise,"[13, 13]",POS
The one vegetarian entree ( Abby 's treasure ) was actually quite a surprise - it was delicious and had wintermelon covering an assortment of fresh mushrooms and vegetables .,Abby 's treasure,"[5, 7]",delicious,"[17, 17]",POS
The one vegetarian entree ( Abby 's treasure ) was actually quite a surprise - it was delicious and had wintermelon covering an assortment of fresh mushrooms and vegetables .,assortment of fresh mushrooms and vegetables,"[23, 28]",fresh,"[25, 25]",POS
But the pizza is way to expensive .,pizza,"[2, 2]",expensive,"[6, 6]",NEG
"And the staff is also young , energeic and hot ! ! ! !",staff,"[2, 2]",young,"[5, 5]",POS
"And the staff is also young , energeic and hot ! ! ! !",staff,"[2, 2]",energeic,"[7, 7]",POS
"And the staff is also young , energeic and hot ! ! ! !",staff,"[2, 2]",hot,"[9, 9]",POS
"Even better , they know how to cook French classics like Steak au Poivre and Onglet without burning it to death or overcooking it .",Steak au Poivre,"[11, 13]",better,"[1, 1]",POS
"Even better , they know how to cook French classics like Steak au Poivre and Onglet without burning it to death or overcooking it .",Onglet,"[15, 15]",better,"[1, 1]",POS
We had a wonderful meal at Naples 45 a month ago on a visit to NYC .,meal,"[4, 4]",wonderful,"[3, 3]",POS
Good drink .,drink,"[1, 1]",Good,"[0, 0]",POS
"Even though I made the reservation at 3pm for the same night through Dinnerbroker , we were seated at a table with one of the best view !",table,"[20, 20]",best,"[25, 25]",POS
"I did n't take a look at the rest menu , but the oysters were fantastic .",oysters,"[13, 13]",fantastic,"[15, 15]",POS
The grilled cheese at home afterwards was better . ! !,grilled cheese,"[1, 2]",better,"[7, 7]",POS
"Great service , great food .",service,"[1, 1]",Great,"[0, 0]",POS
"Great service , great food .",food,"[4, 4]",great,"[3, 3]",POS
"sometimes i get bad food and bad service , sometimes i get good good and bad service .",food,"[4, 4]",bad,"[3, 3]",NEG
"sometimes i get bad food and bad service , sometimes i get good good and bad service .",service,"[7, 7]",bad,"[6, 6]",NEG
"sometimes i get bad food and bad service , sometimes i get good good and bad service .",service,"[16, 16]",bad,"[15, 15]",NEG
"sometimes i get bad food and bad service , sometimes i get good good and bad service .",good,"[13, 13]",good,"[12, 12]",POS
In summer-eat outside on a terrace ( another great feature of Suan ) ! ! !,terrace,"[5, 5]",great,"[8, 8]",POS
"It 's the perfect restaurant for NY life style , it got cool design , awesome drinks and food and lot 's of good looking people eating and hanging at the pink bar ...",design,"[13, 13]",cool,"[12, 12]",POS
"It 's the perfect restaurant for NY life style , it got cool design , awesome drinks and food and lot 's of good looking people eating and hanging at the pink bar ...",drinks,"[16, 16]",awesome,"[15, 15]",POS
"It 's the perfect restaurant for NY life style , it got cool design , awesome drinks and food and lot 's of good looking people eating and hanging at the pink bar ...",food,"[18, 18]",awesome,"[15, 15]",POS
"It 's the perfect restaurant for NY life style , it got cool design , awesome drinks and food and lot 's of good looking people eating and hanging at the pink bar ...",bar,"[32, 32]",pink,"[31, 31]",NEU
"Good , fast service .",service,"[3, 3]",Good,"[0, 0]",POS
"Good , fast service .",service,"[3, 3]",fast,"[2, 2]",POS
"I was in love with Pongsri on 48th , but compared to Suan it is slow in service and overpriced .",service,"[17, 17]",slow,"[15, 15]",NEG
"My friends and I experienced amazing cheese and a delicious , new summer menu at Artisanal last night .",cheese,"[6, 6]",amazing,"[5, 5]",POS
"My friends and I experienced amazing cheese and a delicious , new summer menu at Artisanal last night .",menu,"[13, 13]",delicious,"[9, 9]",POS
"My friends and I experienced amazing cheese and a delicious , new summer menu at Artisanal last night .",menu,"[13, 13]",new,"[11, 11]",POS
"It 's charmingly small and that leads to an atmoshere that is extremely cozy and romantic , even .",atmoshere,"[9, 9]",cozy,"[13, 13]",POS
"It 's charmingly small and that leads to an atmoshere that is extremely cozy and romantic , even .",atmoshere,"[9, 9]",romantic,"[15, 15]",POS
Love the Jazz bands on Fri and Sat .,Jazz bands,"[2, 3]",Love,"[0, 0]",POS
The service was ok .,service,"[1, 1]",ok,"[3, 3]",NEU
"Do n't expect to sit down inside though , there are only a few tables and they are always full .",tables,"[14, 14]",few,"[13, 13]",NEG
"Do n't expect to sit down inside though , there are only a few tables and they are always full .",tables,"[14, 14]",full,"[19, 19]",NEG
"The staff is accomodating , the ambiance is exciting and yet relaxed , and the food is out of this world !",staff,"[1, 1]",accomodating,"[3, 3]",POS
"The staff is accomodating , the ambiance is exciting and yet relaxed , and the food is out of this world !",ambiance,"[6, 6]",exciting,"[8, 8]",POS
"The staff is accomodating , the ambiance is exciting and yet relaxed , and the food is out of this world !",ambiance,"[6, 6]",relaxed,"[11, 11]",POS
"The staff is accomodating , the ambiance is exciting and yet relaxed , and the food is out of this world !",food,"[15, 15]",out of this world,"[17, 20]",POS
"The food was delicious ( I had a halibut special , my husband had steak ) , and the service was top-notch .",food,"[1, 1]",delicious,"[3, 3]",POS
"The food was delicious ( I had a halibut special , my husband had steak ) , and the service was top-notch .",halibut special,"[8, 9]",delicious,"[3, 3]",POS
"The food was delicious ( I had a halibut special , my husband had steak ) , and the service was top-notch .",steak,"[14, 14]",delicious,"[3, 3]",POS
"The food was delicious ( I had a halibut special , my husband had steak ) , and the service was top-notch .",service,"[19, 19]",top-notch,"[21, 21]",POS
The manager claimed that he could not compensate us for anything on the bill which just shows the lack of sophistication from the entire group .,manager,"[1, 1]",lack of sophistication,"[18, 20]",NEG
it 's the only place you can get yummy authentic japanese comfort food .,japanese comfort food,"[10, 12]",yummy authentic,"[8, 9]",POS
We took advanatage of the half price sushi deal on saturday so it was well worth it .,half price sushi deal,"[5, 8]",worth,"[15, 15]",POS
"The staff are attentive , and have smiles on their faces .",staff,"[1, 1]",attentive,"[3, 3]",POS
"Largest and freshest pieces of sushi , and delicious !",pieces of sushi,"[3, 5]",Largest,"[0, 0]",POS
"Largest and freshest pieces of sushi , and delicious !",pieces of sushi,"[3, 5]",freshest,"[2, 2]",POS
"Largest and freshest pieces of sushi , and delicious !",pieces of sushi,"[3, 5]",delicious,"[8, 8]",POS
Even the pasta is delicious here ( a rarity in New York pizza restaurants ) .,pasta,"[2, 2]",delicious,"[4, 4]",POS
"but when we looked at the menu , there were n't a lot of choices , most of them were dumplings in the appetizer section .",menu,"[6, 6]",were n't a lot of choices,"[9, 14]",NEG
Wait staff is blantently unappreciative of your business but its the best pie on the UWS !,Wait staff,"[0, 1]",unappreciative,"[4, 4]",NEG
Wait staff is blantently unappreciative of your business but its the best pie on the UWS !,pie,"[12, 12]",best,"[11, 11]",POS
"The ingredients taste fresher , the crust is thinner and crispier , the slice is less oily , and it 's never burnt like it occasionally is at Joe 's .",ingredients,"[1, 1]",fresher,"[3, 3]",POS
"The ingredients taste fresher , the crust is thinner and crispier , the slice is less oily , and it 's never burnt like it occasionally is at Joe 's .",crust,"[6, 6]",thinner,"[8, 8]",POS
"The ingredients taste fresher , the crust is thinner and crispier , the slice is less oily , and it 's never burnt like it occasionally is at Joe 's .",crust,"[6, 6]",crispier,"[10, 10]",POS
"The ingredients taste fresher , the crust is thinner and crispier , the slice is less oily , and it 's never burnt like it occasionally is at Joe 's .",slice,"[13, 13]",less oily,"[15, 16]",POS
Fish is so very fresh .,Fish,"[0, 0]",fresh,"[4, 4]",POS
The prices were CHEAP compared to the quality of service and food .,prices,"[1, 1]",CHEAP,"[3, 3]",POS
"Top spot in town for Vietnamese classics , better than places that cost a lot more .",Vietnamese classics,"[5, 6]",Top,"[0, 0]",POS
less wait time for me !,wait time,"[1, 2]",less,"[0, 0]",POS
"The decor is really blah , and not at all hip or happening .",decor,"[1, 1]",blah,"[4, 4]",NEG
"The decor is really blah , and not at all hip or happening .",decor,"[1, 1]",not at all hip,"[7, 10]",NEG
"I come from a family of pizzeria owners , and I 'm almost ashamed to say that the pizza in Fornino 's blows my families receipies away .",pizza,"[18, 18]",ashamed,"[13, 13]",POS
The lobster sandwich is good and the spaghetti with Scallops and Shrimp is great .,lobster sandwich,"[1, 2]",good,"[4, 4]",POS
The lobster sandwich is good and the spaghetti with Scallops and Shrimp is great .,spaghetti with Scallops and Shrimp,"[7, 11]",great,"[13, 13]",POS
The food was authentic .,food,"[1, 1]",authentic,"[3, 3]",POS
The dim sum is delectable while the prices are quite easy on the wallet .,dim sum,"[1, 2]",delectable,"[4, 4]",POS
The dim sum is delectable while the prices are quite easy on the wallet .,prices,"[7, 7]",easy,"[10, 10]",POS
"I only tried a simple dish of spinach ravioli in a light oil and garlic sauce , but it actually faired better than most NYC Italian joints I 've tried similar dishes at .",spinach ravioli in a light oil and garlic sauce,"[7, 15]",better,"[21, 21]",POS
The worst excuse for Japanese food I 've ever encountered .,Japanese food,"[4, 5]",worst,"[1, 1]",NEG
We had Pam 's special fried fish and it was amazing .,Pam 's special fried fish,"[2, 6]",amazing,"[10, 10]",POS
My boyfriend had the New England Chowder it was good but I think the award should go to the Lobster Bisque .,New England Chowder,"[4, 6]",good,"[9, 9]",POS
My boyfriend had the New England Chowder it was good but I think the award should go to the Lobster Bisque .,Lobster Bisque,"[19, 20]",award,"[14, 14]",POS
Not enough wines by the glass either .,wines by the glass,"[2, 5]",Not enough,"[0, 1]",NEG
I must say it 's a little pricey for the food because it was not as spectacular as the view .,food,"[10, 10]",pricey,"[7, 7]",NEG
"We were worried we would have trouble getting in , but somehow managed to have a short wait .",wait,"[17, 17]",short,"[16, 16]",POS
My wife had the fried shrimp which are huge and loved it .,fried shrimp,"[4, 5]",huge,"[8, 8]",POS
My wife had the fried shrimp which are huge and loved it .,fried shrimp,"[4, 5]",loved,"[10, 10]",POS
The service is awful -- the last time I was there ( and I do mean the last time ) we were told that they needed our table so we would have to leave .,service,"[1, 1]",awful,"[3, 3]",NEG
Try the green curry ! ! !,green curry,"[2, 3]",Try,"[0, 0]",POS
We had the scallops as an appetizer and they were delicious and the sauce was wonderful .,scallops,"[3, 3]",delicious,"[10, 10]",POS
We had the scallops as an appetizer and they were delicious and the sauce was wonderful .,appetizer,"[6, 6]",delicious,"[10, 10]",POS
We had the scallops as an appetizer and they were delicious and the sauce was wonderful .,sauce,"[13, 13]",wonderful,"[15, 15]",POS
We were also seated promptly at the time of our reservation and the service was very quick and professional .,service,"[13, 13]",quick,"[16, 16]",POS
We were also seated promptly at the time of our reservation and the service was very quick and professional .,service,"[13, 13]",professional,"[18, 18]",POS
The food there are sastifying .,food,"[1, 1]",sastifying,"[4, 4]",POS
I highly recommend visiting this restaurant and having dinner and drinks !,dinner,"[8, 8]",recommend,"[2, 2]",POS
I highly recommend visiting this restaurant and having dinner and drinks !,drinks,"[10, 10]",recommend,"[2, 2]",POS
"Great wine selection , Gigondas is worth the price , and the house champagne is a great value .",wine selection,"[1, 2]",Great,"[0, 0]",POS
"Great wine selection , Gigondas is worth the price , and the house champagne is a great value .",Gigondas,"[4, 4]",worth the price,"[6, 8]",POS
"Great wine selection , Gigondas is worth the price , and the house champagne is a great value .",house champagne,"[12, 13]",great value,"[16, 17]",POS
"Great wine selection , Gigondas is worth the price , and the house champagne is a great value .",price,"[8, 8]",worth,"[6, 6]",NEU
"at night , but it 's hard to hear your own conversation with everyone else competing for that same luxury - the music playing in the background is also voluminous .",music,"[22, 22]",voluminous,"[29, 29]",NEG
I particularly love their yellowfun tuna and their mussel selection .,yellowfun tuna,"[4, 5]",love,"[2, 2]",POS
I particularly love their yellowfun tuna and their mussel selection .,mussel selection,"[8, 9]",love,"[2, 2]",POS
I love to visit Murrays for my bagel fix .,bagel,"[7, 7]",love,"[1, 1]",POS
"We made early dinner reservations and were thoroughly impressed , reminds me of my grandfather , its old school Italian scenery with lots of fun stuff to admire .",scenery,"[20, 20]",fun,"[24, 24]",POS
"We made early dinner reservations and were thoroughly impressed , reminds me of my grandfather , its old school Italian scenery with lots of fun stuff to admire .",dinner reservations,"[3, 4]",early,"[2, 2]",POS
Cheese plate is a varied delight and great bargain at $ 10 .,Cheese plate,"[0, 1]",varied delight,"[4, 5]",POS
Cheese plate is a varied delight and great bargain at $ 10 .,Cheese plate,"[0, 1]",great bargain,"[7, 8]",POS
"Most of the servers are very attentive , friendly and quite attractive .",servers,"[3, 3]",attentive,"[6, 6]",POS
"Most of the servers are very attentive , friendly and quite attractive .",servers,"[3, 3]",friendly,"[8, 8]",POS
"Most of the servers are very attentive , friendly and quite attractive .",servers,"[3, 3]",attractive,"[11, 11]",POS
Service is average .,Service,"[0, 0]",average,"[2, 2]",NEU
But they 've done a really nice job of offering all the typical pizzeria faves plus some terrific specials like the Godmother pizza ( a sort of traditional flat pizza with an olive oil-brushed crust and less tomato sauce than usual ) .,Godmother pizza ( a sort of traditional flat pizza with an olive oil-brushed crust and less tomato sauce than usual ),"[21, 41]",terrific,"[17, 17]",POS
But they 've done a really nice job of offering all the typical pizzeria faves plus some terrific specials like the Godmother pizza ( a sort of traditional flat pizza with an olive oil-brushed crust and less tomato sauce than usual ) .,specials,"[18, 18]",terrific,"[17, 17]",POS
"The steak is good , the fish is good and the sushi was surprisingly great .",steak,"[1, 1]",good,"[3, 3]",POS
"The steak is good , the fish is good and the sushi was surprisingly great .",fish,"[6, 6]",good,"[8, 8]",POS
"The steak is good , the fish is good and the sushi was surprisingly great .",sushi,"[11, 11]",great,"[14, 14]",POS
"The service was poor , restaurant poorly lit , staff not very attentive and I would have rather eaten at a Mcdonald 's than this joint .",service,"[1, 1]",poor,"[3, 3]",NEG
"The service was poor , restaurant poorly lit , staff not very attentive and I would have rather eaten at a Mcdonald 's than this joint .",staff,"[9, 9]",not very attentive,"[10, 12]",NEG
"My GF and I still choose to eat there a lot because of diverse cocktails , the chill decor , and the decent sushi .",cocktails,"[14, 14]",diverse,"[13, 13]",POS
"My GF and I still choose to eat there a lot because of diverse cocktails , the chill decor , and the decent sushi .",decor,"[18, 18]",chill,"[17, 17]",POS
"My GF and I still choose to eat there a lot because of diverse cocktails , the chill decor , and the decent sushi .",sushi,"[23, 23]",decent,"[22, 22]",POS
We ended the dinner with a surprisingly light and flaky apple tarte tatin .,apple tarte tatin,"[10, 12]",flaky,"[9, 9]",POS
The buffet had a nice selection .,buffet,"[1, 1]",nice,"[4, 4]",POS
The buffet had a nice selection .,selection,"[5, 5]",nice,"[4, 4]",POS
Waitstaff are very friendly .,Waitstaff,"[0, 0]",friendly,"[3, 3]",POS
Service was slow had to wait to order and get food although not crowded .,Service,"[0, 0]",slow,"[2, 2]",NEG
"The food was below average , the service was pathetic , there was no ambience at all .",food,"[1, 1]",below average,"[3, 4]",NEG
"The food was below average , the service was pathetic , there was no ambience at all .",service,"[7, 7]",pathetic,"[9, 9]",NEG
"The food was below average , the service was pathetic , there was no ambience at all .",ambience,"[14, 14]",no,"[13, 13]",NEG
I REALLY ENJOYED THE SHOWS PUT ON BY THE ACTORS .,SHOWS,"[4, 4]",ENJOYED,"[2, 2]",POS
I REALLY ENJOYED THE SHOWS PUT ON BY THE ACTORS .,ACTORS,"[9, 9]",ENJOYED,"[2, 2]",POS
service was efficient courteous .,service,"[0, 0]",efficient courteous,"[2, 3]",POS
The miso soup lacked flavor and the fish was unfortunately not as well prepared as in the past .,miso soup,"[1, 2]",lacked flavor,"[3, 4]",NEG
The miso soup lacked flavor and the fish was unfortunately not as well prepared as in the past .,fish,"[7, 7]",unfortunately,"[9, 9]",NEG
The miso soup lacked flavor and the fish was unfortunately not as well prepared as in the past .,flavor,"[4, 4]",lacked,"[3, 3]",NEG
They are the best bagels I 've had .,bagels,"[4, 4]",best,"[3, 3]",POS
"Toons has recently been redone , so it 's now a very attractive space .",space,"[13, 13]",attractive,"[12, 12]",POS
"While the prices are nothing special , the portions are huge .",prices,"[2, 2]",special,"[5, 5]",NEU
"While the prices are nothing special , the portions are huge .",portions,"[8, 8]",special,"[5, 5]",POS
"Its a nice quiet location to go eat a good meal , relax , be able to talk and have a very good time .",location,"[4, 4]",nice quiet,"[2, 3]",POS
"Its a nice quiet location to go eat a good meal , relax , be able to talk and have a very good time .",meal,"[10, 10]",good,"[9, 9]",POS
"However , I think this place is a good hang out spot .",spot,"[11, 11]",good,"[8, 8]",POS
The wine list is extensive and impressive .,wine list,"[1, 2]",extensive,"[4, 4]",POS
The wine list is extensive and impressive .,wine list,"[1, 2]",impressive,"[6, 6]",POS
"While the staff at this little bistro is very friendly , I have never experienced more incompetency .",staff,"[2, 2]",friendly,"[9, 9]",POS
The quail was fantastic and unique and the pastas were full of flavor .,quail,"[1, 1]",fantastic,"[3, 3]",POS
The quail was fantastic and unique and the pastas were full of flavor .,quail,"[1, 1]",unique,"[5, 5]",POS
The quail was fantastic and unique and the pastas were full of flavor .,pastas,"[8, 8]",full,"[10, 10]",POS
The quail was fantastic and unique and the pastas were full of flavor .,flavor,"[12, 12]",full,"[10, 10]",POS
The staff is courteous and friendly .,staff,"[1, 1]",courteous,"[3, 3]",POS
The staff is courteous and friendly .,staff,"[1, 1]",friendly,"[5, 5]",POS
"Aside from the rushed service , we were very impressed with the food and the drinks .",service,"[4, 4]",rushed,"[3, 3]",NEG
"Aside from the rushed service , we were very impressed with the food and the drinks .",food,"[12, 12]",impressed,"[9, 9]",POS
"Aside from the rushed service , we were very impressed with the food and the drinks .",drinks,"[15, 15]",impressed,"[9, 9]",POS
I would highly recommend this place to anyone who is looking for a fine Indian dining experience that is definitely a value for your dollar .,Indian dining experience,"[14, 16]",fine,"[13, 13]",POS
This big draw is the all you can sushi here for $ 19.95 !,sushi,"[8, 8]",draw,"[2, 2]",POS
"Some of the workers ignore me and talk to the female customers , other times , they 've skipped my order .",workers,"[3, 3]",ignore,"[4, 4]",NEG
"Some of the workers ignore me and talk to the female customers , other times , they 've skipped my order .",order,"[20, 20]",skipped,"[18, 18]",NEG
The specials are usually quite good too .,specials,"[1, 1]",good,"[5, 5]",POS
They 've the best desserts and mixed drinks as well as snack foods .,desserts,"[4, 4]",best,"[3, 3]",POS
They 've the best desserts and mixed drinks as well as snack foods .,mixed drinks,"[6, 7]",best,"[3, 3]",POS
They 've the best desserts and mixed drinks as well as snack foods .,snack foods,"[11, 12]",best,"[3, 3]",POS
Really cool stauff inside .,stauff,"[2, 2]",cool,"[1, 1]",POS
"While the new restaurant still features much of the same classical furniture that made Tiffin so attractive , the menu has been overhauled .",classical furniture,"[10, 11]",classical,"[10, 10]",POS
"While the new restaurant still features much of the same classical furniture that made Tiffin so attractive , the menu has been overhauled .",menu,"[19, 19]",overhauled,"[22, 22]",NEG
The best burger I have had in the Village .,burger,"[2, 2]",best,"[1, 1]",POS
"Only drawback - they wo n't toast your bagel , and they do n't make eggs for the bagel .",bagel,"[8, 8]",drawback,"[1, 1]",NEG
As always we had a great glass of wine while we waited .,glass of wine,"[6, 8]",great,"[5, 5]",POS
"The wait staff is pleasant , fun , and for the most part gorgeous ( in the wonderful aesthetic beautification way , not in that she's-way-cuter-than-me-that-b @ # $ * way ) .",wait staff,"[1, 2]",pleasant,"[4, 4]",POS
"The wait staff is pleasant , fun , and for the most part gorgeous ( in the wonderful aesthetic beautification way , not in that she's-way-cuter-than-me-that-b @ # $ * way ) .",wait staff,"[1, 2]",fun,"[6, 6]",POS
"The wait staff is pleasant , fun , and for the most part gorgeous ( in the wonderful aesthetic beautification way , not in that she's-way-cuter-than-me-that-b @ # $ * way ) .",wait staff,"[1, 2]",gorgeous,"[13, 13]",POS
"Of course this atmosphere is lacking , but what do you expect from a 24 hour bagel place anyways ?",atmosphere,"[3, 3]",lacking,"[5, 5]",NEG
Service was very good and warm .,Service,"[0, 0]",good,"[3, 3]",POS
Service was very good and warm .,Service,"[0, 0]",warm,"[5, 5]",POS
Cornelia Street looks like a Broadway set for West Side Story and the inside of Po is so cool quaint you really ca n't top the setting for a romantic dinner in NYC .,dinner,"[30, 30]",romantic,"[29, 29]",POS
Food was good and the view of the new york city skiline was terrific even on a foggy rainy day like that of when I went .,Food,"[0, 0]",good,"[2, 2]",POS
Food was good and the view of the new york city skiline was terrific even on a foggy rainy day like that of when I went .,view,"[5, 5]",terrific,"[13, 13]",POS
"The food is decent at best , and the ambience , well , it 's a matter of opinion , some may consider it to be a sweet thing , I thought it was just annoying .",food,"[1, 1]",decent,"[3, 3]",NEU
"The service was a bit slow , but they were very friendly .",service,"[1, 1]",slow,"[5, 5]",NEG
"The service was a bit slow , but they were very friendly .",service,"[1, 1]",friendly,"[11, 11]",NEG
"Leon is an East Village gem : casual but hip , with well prepared basic French bistro fare , good specials , a warm and lively atmosphere .",specials,"[20, 20]",good,"[19, 19]",POS
"Leon is an East Village gem : casual but hip , with well prepared basic French bistro fare , good specials , a warm and lively atmosphere .",atmosphere,"[26, 26]",warm,"[23, 23]",POS
"Leon is an East Village gem : casual but hip , with well prepared basic French bistro fare , good specials , a warm and lively atmosphere .",atmosphere,"[26, 26]",lively,"[25, 25]",POS
"Leon is an East Village gem : casual but hip , with well prepared basic French bistro fare , good specials , a warm and lively atmosphere .",French bistro fare,"[15, 17]",well prepared,"[12, 13]",POS
The food is above average for midtown and sligtly better than some of the other Heartland Breweries in the city .,food,"[1, 1]",above average,"[3, 4]",POS
The food is above average for midtown and sligtly better than some of the other Heartland Breweries in the city .,food,"[1, 1]",better,"[9, 9]",POS
Thius is a must for anyone who loves Shabu-Shabu .,Shabu-Shabu,"[8, 8]",loves,"[7, 7]",POS
The food was absolutely horrible !,food,"[1, 1]",horrible,"[4, 4]",NEG
"Similar to other Indian restaurants , they use the dinner special to attract customers at the door .",dinner special,"[9, 10]",attract,"[12, 12]",NEU
"The people with carts of food do n't understand you because they do n't speak English , their job is to give you the delicious food you point at .",food,"[25, 25]",delicious,"[24, 24]",POS
"The crackling calamari salad , which is usually a cheap disaster at many restaurants , is crispy and lightly dressed .",crackling calamari salad,"[1, 3]",crispy,"[16, 16]",POS
"The crackling calamari salad , which is usually a cheap disaster at many restaurants , is crispy and lightly dressed .",crackling calamari salad,"[1, 3]",lightly dressed,"[18, 19]",POS
"Not the greatest sushi place , but excellent for a $ 19.95 all you can eat .",sushi place,"[3, 4]",Not the greatest,"[0, 2]",NEG
"Not the greatest sushi place , but excellent for a $ 19.95 all you can eat .",sushi place,"[3, 4]",excellent,"[7, 7]",NEG
"Shockingly easy to throw a group dinner here : simple contract , deposit only to hold the date the entire 2nd fl mezz for our grp of 20 .",group dinner,"[5, 6]",easy,"[1, 1]",NEU
The Thai ice tea was amazingly smooth and yummy !,Thai ice tea,"[1, 3]",smooth,"[6, 6]",POS
The Thai ice tea was amazingly smooth and yummy !,Thai ice tea,"[1, 3]",yummy,"[8, 8]",POS
Drinks way over priced .,Drinks,"[0, 0]",over priced,"[2, 3]",NEG
Drinks way over priced .,priced,"[3, 3]",over,"[2, 2]",NEG
The main downside to the place is the nazi-like guy running it who constantly complains about the noise level .,noise level,"[17, 18]",downside,"[2, 2]",NEG
The main downside to the place is the nazi-like guy running it who constantly complains about the noise level .,guy,"[9, 9]",downside,"[2, 2]",NEG
Moderate prices .,prices,"[1, 1]",Moderate,"[0, 0]",NEU
I think I 've had some the best meals of my life at minnow .,meals,"[8, 8]",best,"[7, 7]",POS
"Most importantly , food is excellent .",food,"[3, 3]",excellent,"[5, 5]",POS
"Great roofdeck , nice group of 30 somethings , but no music , kind of quiet .",roofdeck,"[1, 1]",Great,"[0, 0]",POS
"Great roofdeck , nice group of 30 somethings , but no music , kind of quiet .",music,"[11, 11]",no,"[10, 10]",NEG
"Great roofdeck , nice group of 30 somethings , but no music , kind of quiet .",music,"[11, 11]",quiet,"[15, 15]",NEG
"However , service was as plain as sesame crusted Salmon I had .",service,"[2, 2]",plain,"[5, 5]",NEU
"However , service was as plain as sesame crusted Salmon I had .",sesame crusted Salmon,"[7, 9]",plain,"[5, 5]",NEU
It 's great to go for a quick lunch either alone or with a friend .,lunch,"[8, 8]",quick,"[7, 7]",POS
The food was mediocre at best but it was the horrible service that made me vow never to go back .,food,"[1, 1]",mediocre,"[3, 3]",NEU
The food was mediocre at best but it was the horrible service that made me vow never to go back .,service,"[11, 11]",horrible,"[10, 10]",NEG
"You get what you pay for and with that logic in mind , Spice is a great place to grab some cheap eats and drinks in a beautiful setting .",eats,"[22, 22]",cheap,"[21, 21]",POS
"You get what you pay for and with that logic in mind , Spice is a great place to grab some cheap eats and drinks in a beautiful setting .",drinks,"[24, 24]",cheap,"[21, 21]",POS
"You get what you pay for and with that logic in mind , Spice is a great place to grab some cheap eats and drinks in a beautiful setting .",setting,"[28, 28]",beautiful,"[27, 27]",POS
"The service was terrible , we had to wait for everything and ask several of different people for the same thing before we were allowed to be served .",service,"[1, 1]",terrible,"[3, 3]",NEG
"Other than being a little crowded and a bit overpriced , the atmosphere is filled with energy ( and the beautiful people of course ) and the food was surprising good !",atmosphere,"[12, 12]",energy,"[16, 16]",POS
"Other than being a little crowded and a bit overpriced , the atmosphere is filled with energy ( and the beautiful people of course ) and the food was surprising good !",people,"[21, 21]",beautiful,"[20, 20]",POS
"Other than being a little crowded and a bit overpriced , the atmosphere is filled with energy ( and the beautiful people of course ) and the food was surprising good !",food,"[27, 27]",surprising good,"[29, 30]",POS
The music is the best among all the Indian restaurants I have visited .,music,"[1, 1]",best,"[4, 4]",POS
"The bread and lamb chops I had before the meal were quite good , however .",bread,"[1, 1]",good,"[12, 12]",POS
"The bread and lamb chops I had before the meal were quite good , however .",lamb chops,"[3, 4]",good,"[12, 12]",POS
Rao 's has the best service and atmosphere in NYC .,service,"[5, 5]",best,"[4, 4]",POS
Rao 's has the best service and atmosphere in NYC .,atmosphere,"[7, 7]",best,"[4, 4]",POS
"They never brought us complimentary noodles , ignored repeated requests for sugar , and threw our dishes on the table .",noodles,"[5, 5]",complimentary,"[4, 4]",NEG
"They never brought us complimentary noodles , ignored repeated requests for sugar , and threw our dishes on the table .",sugar,"[11, 11]",ignored,"[7, 7]",NEG
"They never brought us complimentary noodles , ignored repeated requests for sugar , and threw our dishes on the table .",dishes,"[16, 16]",threw,"[14, 14]",NEG
"Excellent dumplings served amid clean , chic decor .",dumplings,"[1, 1]",Excellent,"[0, 0]",POS
"Excellent dumplings served amid clean , chic decor .",decor,"[7, 7]",clean,"[4, 4]",POS
"Excellent dumplings served amid clean , chic decor .",decor,"[7, 7]",chic,"[6, 6]",POS
"The kitchen however , is almost always slow .",kitchen,"[1, 1]",slow,"[7, 7]",NEG
"Cute place , nice wait staff but would never go there again .",wait staff,"[4, 5]",nice,"[3, 3]",POS
"Cute place , nice wait staff but would never go there again .",place,"[1, 1]",Cute,"[0, 0]",POS
people are rude bit again it 's new york !,people,"[0, 0]",rude,"[2, 2]",NEG
"The plain slice is great and if you get toppings , the whole slice is topped with them , not sparsely sprinkled on like some places .",plain slice,"[1, 2]",great,"[4, 4]",POS
Service was also horrible and the ambience is not that great .,Service,"[0, 0]",horrible,"[3, 3]",NEG
Service was also horrible and the ambience is not that great .,ambience,"[6, 6]",not that great,"[8, 10]",NEG
"Service is great , takeout is good too .",Service,"[0, 0]",great,"[2, 2]",POS
"Service is great , takeout is good too .",takeout,"[4, 4]",good,"[6, 6]",POS
"Everything is excellent , the menu is quite extensive , and you eat with a view on both sides of the city .",menu,"[5, 5]",extensive,"[8, 8]",POS
"For the quality of food , a little too expensive .",quality of food,"[2, 4]",expensive,"[9, 9]",NEG
Here 's to the fake fish tanks too ...,fish tanks,"[5, 6]",fake,"[4, 4]",NEG
I 've never had bad service and the fish is fresh and delicious .,service,"[5, 5]",never had bad,"[2, 4]",POS
I 've never had bad service and the fish is fresh and delicious .,fish,"[8, 8]",fresh,"[10, 10]",POS
I 've never had bad service and the fish is fresh and delicious .,fish,"[8, 8]",delicious,"[12, 12]",POS
we decided to eat in tea room which was small and cute .,tea room,"[5, 6]",small,"[9, 9]",POS
we decided to eat in tea room which was small and cute .,tea room,"[5, 6]",cute,"[11, 11]",POS
What an amazing meal and experience !,meal,"[3, 3]",amazing,"[2, 2]",POS
Unique apppetizers .,apppetizers,"[1, 1]",Unique,"[0, 0]",POS
"The staff has always been attentive and kind , and I 've always been amazed at how they 've handled all the various different group sizes that come in .",staff,"[1, 1]",attentive,"[5, 5]",POS
"The staff has always been attentive and kind , and I 've always been amazed at how they 've handled all the various different group sizes that come in .",staff,"[1, 1]",kind,"[7, 7]",POS
"The staff has always been attentive and kind , and I 've always been amazed at how they 've handled all the various different group sizes that come in .",staff,"[1, 1]",amazed,"[14, 14]",POS
IT is the best deal in town for a Monday night dinner at a fine restaurant .,dinner,"[11, 11]",best,"[3, 3]",POS
"The wait here is long for dim sum , but if you do n't like sharing tables or if the typical raucous dim sum atmosphere is not your gig , this is a sleek ( for Chinatown ) alternative .",wait,"[1, 1]",long,"[4, 4]",NEG
"The wait here is long for dim sum , but if you do n't like sharing tables or if the typical raucous dim sum atmosphere is not your gig , this is a sleek ( for Chinatown ) alternative .",dim sum,"[6, 7]",long,"[4, 4]",NEU
"The wait here is long for dim sum , but if you do n't like sharing tables or if the typical raucous dim sum atmosphere is not your gig , this is a sleek ( for Chinatown ) alternative .",dim sum atmosphere,"[22, 24]",typical raucous,"[20, 21]",NEU
"This place has good potential , but needs a significant amount of work before we can justify spending that much money on indian food you can get everywhere else .",money,"[20, 20]",much,"[19, 19]",NEG
"Everything is always cooked to perfection , the service is excellent , the decor cool and understated .",service,"[8, 8]",excellent,"[10, 10]",POS
"Everything is always cooked to perfection , the service is excellent , the decor cool and understated .",decor,"[13, 13]",cool,"[14, 14]",POS
"Everything is always cooked to perfection , the service is excellent , the decor cool and understated .",decor,"[13, 13]",understated,"[16, 16]",POS
The Thai food is good .,Thai food,"[1, 2]",good,"[4, 4]",POS
"Great selection of wine , and seafood .",selection of wine,"[1, 3]",Great,"[0, 0]",POS
"Great selection of wine , and seafood .",seafood,"[6, 6]",Great,"[0, 0]",POS
Acceptable prices .,prices,"[1, 1]",Acceptable,"[0, 0]",POS
"As I made the title , it 's an affordable restaurant for great taste .",taste,"[13, 13]",great,"[12, 12]",POS
Definitely not worth the price !,price,"[4, 4]",not worth,"[1, 2]",NEG
"Orsay , is a very pleasant throw back to traditional French food , and French service as well .",French food,"[10, 11]",pleasant,"[5, 5]",POS
"Orsay , is a very pleasant throw back to traditional French food , and French service as well .",French food,"[10, 11]",traditional,"[9, 9]",POS
"Orsay , is a very pleasant throw back to traditional French food , and French service as well .",service,"[15, 15]",pleasant,"[5, 5]",POS
"Orsay , is a very pleasant throw back to traditional French food , and French service as well .",service,"[15, 15]",traditional,"[9, 9]",POS
It 's easy to get a table for a large group and you do n't get hustled out .,table,"[6, 6]",easy,"[2, 2]",POS
Great food at reasonable prices .,food,"[1, 1]",Great,"[0, 0]",POS
Great food at reasonable prices .,prices,"[4, 4]",reasonable,"[3, 3]",POS
Salads are a delicious way to begin the meal .,Salads,"[0, 0]",delicious,"[3, 3]",POS
"I ordered tamarind duck and my wife ordered noodles with ground beef , and we were both delighted by the way the dishes evoked Thai flavors in unexpected ways .",tamarind duck,"[2, 3]",delighted,"[17, 17]",POS
"I ordered tamarind duck and my wife ordered noodles with ground beef , and we were both delighted by the way the dishes evoked Thai flavors in unexpected ways .",noodles with ground beef,"[8, 11]",delighted,"[17, 17]",POS
"I ordered tamarind duck and my wife ordered noodles with ground beef , and we were both delighted by the way the dishes evoked Thai flavors in unexpected ways .",dishes,"[22, 22]",delighted,"[17, 17]",POS
"I ordered tamarind duck and my wife ordered noodles with ground beef , and we were both delighted by the way the dishes evoked Thai flavors in unexpected ways .",Thai flavors,"[24, 25]",delighted,"[17, 17]",POS
The prices are about $ 9 for an entree for dinner and even less for lunch .,prices,"[1, 1]",less,"[13, 13]",POS
The prices are about $ 9 for an entree for dinner and even less for lunch .,entree,"[8, 8]",less,"[13, 13]",POS
The prices are about $ 9 for an entree for dinner and even less for lunch .,dinner,"[10, 10]",less,"[13, 13]",NEU
The prices are about $ 9 for an entree for dinner and even less for lunch .,lunch,"[15, 15]",less,"[13, 13]",POS
Should you happen to be impressed by the cuisine definitely try it .,cuisine,"[8, 8]",impressed,"[5, 5]",POS
Should you happen to be impressed by the cuisine definitely try it .,cuisine,"[8, 8]",try,"[10, 10]",POS
"I had the black cod with yuzu sauce , which was wonderful .",black cod with yuzu sauce,"[3, 7]",wonderful,"[11, 11]",POS
Prices too high for this cramped and unappealing resturant .,Prices,"[0, 0]",high,"[2, 2]",NEG
Total hipster-wannabe attitude in an otherwise sweet spot .,spot,"[7, 7]",sweet,"[6, 6]",POS
"Everything , from the soft bread , soggy salad , and 50 minute wait time , with an incredibly rude service to deliver below average food .",service,"[20, 20]",rude,"[19, 19]",NEG
"Everything , from the soft bread , soggy salad , and 50 minute wait time , with an incredibly rude service to deliver below average food .",food,"[25, 25]",below average,"[23, 24]",NEG
The sicilian is my favorite it is moist not dry like most places but all their pizza is great !,pizza,"[16, 16]",great,"[18, 18]",POS
The sicilian is my favorite it is moist not dry like most places but all their pizza is great !,sicilian,"[1, 1]",favorite,"[4, 4]",POS
The sicilian is my favorite it is moist not dry like most places but all their pizza is great !,sicilian,"[1, 1]",moist not dry,"[7, 9]",POS
The menu prices are a bit expensive for what you get in quality and portion size .,menu prices,"[1, 2]",expensive,"[6, 6]",NEG
"The food was amazing , and the service was prompt and helpful , but not over-bearing or rushed .",food,"[1, 1]",amazing,"[3, 3]",POS
"The food was amazing , and the service was prompt and helpful , but not over-bearing or rushed .",service,"[7, 7]",prompt,"[9, 9]",POS
"The food was amazing , and the service was prompt and helpful , but not over-bearing or rushed .",service,"[7, 7]",helpful,"[11, 11]",POS
"The food was amazing , and the service was prompt and helpful , but not over-bearing or rushed .",service,"[7, 7]",not over-bearing or rushed,"[14, 17]",POS
"( food was delivered by a busboy , not waiter ) We got no cheese offered for the pasta , our water and wine glasses remained EMPTY our entire meal , when we would have easily spent another $ 20 on wine .",water and wine glasses,"[21, 24]",EMPTY,"[26, 26]",NEG
The takeout is great too since they give high quality tupperware as well .,takeout,"[1, 1]",great,"[3, 3]",POS
"The food was not fresh , the sauces were bland and very oily .",food,"[1, 1]",not fresh,"[3, 4]",NEG
"The food was not fresh , the sauces were bland and very oily .",sauces,"[7, 7]",bland,"[9, 9]",NEG
"The food was not fresh , the sauces were bland and very oily .",sauces,"[7, 7]",oily,"[12, 12]",NEG
This is definitely an excellent date spot because of the ambiance and on the weekends the night scene is more than alive .,night scene,"[16, 17]",alive,"[21, 21]",POS
This is definitely an excellent date spot because of the ambiance and on the weekends the night scene is more than alive .,spot,"[6, 6]",excellent,"[4, 4]",POS
"Again , the waitress was awesome .",waitress,"[3, 3]",awesome,"[5, 5]",POS
I loved everythig about it-especially the shows and actors .,shows,"[6, 6]",loved,"[1, 1]",POS
I loved everythig about it-especially the shows and actors .,actors,"[8, 8]",loved,"[1, 1]",POS
The service was fast and friendly and the food was very tasty and they had the best hot sauce to add to your meals .,service,"[1, 1]",fast,"[3, 3]",POS
The service was fast and friendly and the food was very tasty and they had the best hot sauce to add to your meals .,service,"[1, 1]",friendly,"[5, 5]",POS
The service was fast and friendly and the food was very tasty and they had the best hot sauce to add to your meals .,food,"[8, 8]",tasty,"[11, 11]",POS
The service was fast and friendly and the food was very tasty and they had the best hot sauce to add to your meals .,hot sauce,"[17, 18]",best,"[16, 16]",POS
Scalina Fedeli reminded me why service is so integral to fine dining .,service,"[5, 5]",integral,"[8, 8]",POS
Scalina Fedeli reminded me why service is so integral to fine dining .,dining,"[11, 11]",fine,"[10, 10]",POS
i recommend the thai popcorn : ),thai popcorn,"[3, 4]",recommend,"[1, 1]",POS
"Everything looks great , the drinks , the decor , the food , even the people .",drinks,"[5, 5]",great,"[2, 2]",POS
"Everything looks great , the drinks , the decor , the food , even the people .",decor,"[8, 8]",great,"[2, 2]",POS
"Everything looks great , the drinks , the decor , the food , even the people .",food,"[11, 11]",great,"[2, 2]",POS
The parathas and kebabs are made when ordered ensuring a level of freshness that is unsurpassed .,parathas,"[1, 1]",unsurpassed,"[15, 15]",POS
The parathas and kebabs are made when ordered ensuring a level of freshness that is unsurpassed .,kebabs,"[3, 3]",unsurpassed,"[15, 15]",POS
The tuna and wasabe potatoes are excellent .,tuna,"[1, 1]",excellent,"[6, 6]",POS
The tuna and wasabe potatoes are excellent .,wasabe potatoes,"[3, 4]",excellent,"[6, 6]",POS
The only disappointment was the coat check girls who did n't seem to know what a customer is on a realtively non-busy night ( for the coat check girls ) .,coat check girls,"[5, 7]",disappointment,"[2, 2]",NEG
"We had great desserts ( including the best cannoli I 've ever had ) and then they offered an after dinner drink , on the house .",desserts,"[3, 3]",great,"[2, 2]",POS
"We had great desserts ( including the best cannoli I 've ever had ) and then they offered an after dinner drink , on the house .",cannoli,"[8, 8]",best,"[7, 7]",POS
"Good crowd , good outdoor seating , with a hip japanese vibe .",outdoor seating,"[4, 5]",good,"[3, 3]",POS
"Good crowd , good outdoor seating , with a hip japanese vibe .",vibe,"[11, 11]",hip,"[9, 9]",POS
"We asked to be moved ( which took half an hour ) , and then were seated in a high traffic area in the back , even though the rest of the room was practically empty .",room,"[32, 32]",empty,"[35, 35]",NEU
"However , their popularity has yet to slow down , and I still find myself drawn to their ambiance and delectable reputation .",ambiance,"[18, 18]",drawn,"[15, 15]",POS
"Where tanks in other Chinatown restaurants display a lurking myriad of sad-looking marine life in their murky waters , the tanks at Ping 's are clear as glass with healthy-looking creatures who do not yet know that they will be part of some dim sum lover 's brunch .",tanks,"[1, 1]",sad-looking,"[11, 11]",POS
"Where tanks in other Chinatown restaurants display a lurking myriad of sad-looking marine life in their murky waters , the tanks at Ping 's are clear as glass with healthy-looking creatures who do not yet know that they will be part of some dim sum lover 's brunch .",tanks,"[20, 20]",clear,"[25, 25]",POS
"Where tanks in other Chinatown restaurants display a lurking myriad of sad-looking marine life in their murky waters , the tanks at Ping 's are clear as glass with healthy-looking creatures who do not yet know that they will be part of some dim sum lover 's brunch .",dim sum,"[43, 44]",healthy-looking,"[29, 29]",NEU
"The Halibut was too salty , dessert was so so ( do n't waste any of your calories ) and service was poor .",Halibut,"[1, 1]",salty,"[4, 4]",NEG
"The Halibut was too salty , dessert was so so ( do n't waste any of your calories ) and service was poor .",dessert,"[6, 6]",so so,"[8, 9]",NEU
"The Halibut was too salty , dessert was so so ( do n't waste any of your calories ) and service was poor .",service,"[20, 20]",poor,"[22, 22]",NEG
"The view is spectacular , and the food is great .",view,"[1, 1]",spectacular,"[3, 3]",POS
"The view is spectacular , and the food is great .",food,"[7, 7]",great,"[9, 9]",POS
Good bagels and good cream cheese .,bagels,"[1, 1]",good,"[3, 3]",POS
Good bagels and good cream cheese .,cream cheese,"[4, 5]",good,"[3, 3]",POS
"The food is wonderful , tasty and filling , and the service is professional and friendly .",food,"[1, 1]",wonderful,"[3, 3]",POS
"The food is wonderful , tasty and filling , and the service is professional and friendly .",food,"[1, 1]",tasty,"[5, 5]",POS
"The food is wonderful , tasty and filling , and the service is professional and friendly .",food,"[1, 1]",filling,"[7, 7]",POS
"The food is wonderful , tasty and filling , and the service is professional and friendly .",service,"[11, 11]",professional,"[13, 13]",POS
"The food is wonderful , tasty and filling , and the service is professional and friendly .",service,"[11, 11]",friendly,"[15, 15]",POS
It is also extremely well priced .,priced,"[5, 5]",well,"[4, 4]",POS
Always great service !,service,"[2, 2]",great,"[1, 1]",POS
I LOVED THE SHOWS .,SHOWS,"[3, 3]",LOVED,"[1, 1]",POS
We could have made a meal of the yummy dumplings from the dumpling menu .,dumplings,"[9, 9]",yummy,"[8, 8]",POS
"Then , get ripped on free box wine .",box wine,"[6, 7]",free,"[5, 5]",POS
My wife and I ate here earlier this week and have not stopped ranting and raving about the food .,food,"[18, 18]",ranting,"[13, 13]",POS
My wife and I ate here earlier this week and have not stopped ranting and raving about the food .,food,"[18, 18]",raving,"[15, 15]",POS
The food itself was just ok - nothing spectacular - but the service was awful .,food,"[1, 1]",ok,"[5, 5]",NEU
The food itself was just ok - nothing spectacular - but the service was awful .,service,"[12, 12]",awful,"[14, 14]",NEG
The pizza is yummy and I like the atmoshpere .,pizza,"[1, 1]",yummy,"[3, 3]",POS
The pizza is yummy and I like the atmoshpere .,atmoshpere,"[8, 8]",like,"[6, 6]",POS
"Also , do n't plan on asking for your favorite roll , if it 's not on the menu , you ca n't have it .",roll,"[10, 10]",favorite,"[9, 9]",NEG
Good food .,food,"[1, 1]",Good,"[0, 0]",POS
"those rolls were big , but not good and sashimi was n't fresh .",sashimi,"[9, 9]",was n't fresh,"[10, 12]",NEG
"try the spicy shrimp appetizer ( again , not the greatest value in the world but worth the price ) and the lamb vindaloo is great .",shrimp appetizer,"[3, 4]",try,"[0, 0]",POS
"try the spicy shrimp appetizer ( again , not the greatest value in the world but worth the price ) and the lamb vindaloo is great .",shrimp appetizer,"[3, 4]",spicy,"[2, 2]",POS
"try the spicy shrimp appetizer ( again , not the greatest value in the world but worth the price ) and the lamb vindaloo is great .",shrimp appetizer,"[3, 4]",worth the price,"[16, 18]",POS
"try the spicy shrimp appetizer ( again , not the greatest value in the world but worth the price ) and the lamb vindaloo is great .",lamb vindaloo,"[22, 23]",great,"[25, 25]",POS
Food was good not great not worth the wait or another visit,wait,"[8, 8]",not worth,"[5, 6]",NEG
"I have had so many dinners here and it 's always been perfect - on a date with my husband , with my mom , with girlfriends and larger groups .",dinners,"[5, 5]",perfect,"[12, 12]",POS
The menu has lots of options : I hope to go back to try those potato pancakes .,menu,"[1, 1]",lots,"[3, 3]",POS
The menu has lots of options : I hope to go back to try those potato pancakes .,potato pancakes,"[15, 16]",try,"[13, 13]",POS
"The staff is n't the friendliest or most competent , and I am stickler for service , but everything else about this place makes up for it .",staff,"[1, 1]",friendliest,"[5, 5]",NEG
"The staff is n't the friendliest or most competent , and I am stickler for service , but everything else about this place makes up for it .",staff,"[1, 1]",competent,"[8, 8]",NEG
"My wife and I will usually only order one primi and one secondi and split them , as they tend to offer large portions .",portions,"[23, 23]",large,"[22, 22]",POS
Delicious crab cakes too .,crab cakes,"[1, 2]",Delicious,"[0, 0]",POS
I have been coming here for years and have nothing but good things to say about the service and the great staff at La Lanterna .,service,"[17, 17]",good,"[11, 11]",POS
I have been coming here for years and have nothing but good things to say about the service and the great staff at La Lanterna .,staff,"[21, 21]",great,"[20, 20]",POS
The bruschetta and panini 's are so yummy !,bruschetta,"[1, 1]",yummy,"[7, 7]",POS
The bruschetta and panini 's are so yummy !,panini,"[3, 3]",yummy,"[7, 7]",POS
"Always popular , always full , always a wait .",wait,"[8, 8]",always,"[6, 6]",NEG
"If the omakase is to showcase technique and variety , serving almost 40 % of items BBQ-ed and a spicy tuna roll wrapped with not-so-fresh nori seems to be a rather limp performance .",nori,"[25, 25]",not-so-fresh,"[24, 24]",NEG
"I ca n't wait for summer , when they serve outside on their gigantic patio .",patio,"[14, 14]",gigantic,"[13, 13]",POS
Best Pastrami I ever had and great portion without being ridiculous .,Pastrami,"[1, 1]",Best,"[0, 0]",POS
Best Pastrami I ever had and great portion without being ridiculous .,portion,"[7, 7]",great,"[6, 6]",POS
"The first 2 courses were very good , but the chocolate sampler was too rich for me and the dessert wine far too sweet .",courses,"[3, 3]",good,"[6, 6]",POS
"The first 2 courses were very good , but the chocolate sampler was too rich for me and the dessert wine far too sweet .",chocolate sampler,"[10, 11]",too rich,"[13, 14]",NEG
"The first 2 courses were very good , but the chocolate sampler was too rich for me and the dessert wine far too sweet .",dessert wine,"[19, 20]",too sweet,"[22, 23]",NEG
"Butter was melted , white wine warm , cheese oozing everywhere .",Butter,"[0, 0]",melted,"[2, 2]",NEG
"Butter was melted , white wine warm , cheese oozing everywhere .",white wine,"[4, 5]",warm,"[6, 6]",NEG
"Butter was melted , white wine warm , cheese oozing everywhere .",cheese,"[8, 8]",oozing,"[9, 9]",NEG
We had a party in their private room and they made it truly memorable and were very helpful in the planning .,private room,"[6, 7]",truly memorable,"[12, 13]",NEU
"It can not be the ambience , because the place is very cramped and some guests have to sit in an aisle .",place,"[9, 9]",cramped,"[12, 12]",NEG
We were disappointed with the pre-fixe menu of only 2 choices per course ( other restaurants offer 3 choices ) and ended up ordering a la carte .,pre-fixe menu,"[5, 6]",disappointed,"[2, 2]",NEG
We were disappointed with the pre-fixe menu of only 2 choices per course ( other restaurants offer 3 choices ) and ended up ordering a la carte .,choices per course,"[10, 12]",disappointed,"[2, 2]",NEU
Authentic Pakistani food .,Pakistani food,"[1, 2]",Authentic,"[0, 0]",POS
"The staff has always been friendly without seeming grating , and the chef has greeted us on a couple of occasions .",staff,"[1, 1]",friendly,"[5, 5]",POS
"The eggplant parmesan is also great , and my friend who grew up in Manhattan claims that no one serves a better baked ziti with meatsauce .",eggplant parmesan,"[1, 2]",great,"[5, 5]",POS
"The eggplant parmesan is also great , and my friend who grew up in Manhattan claims that no one serves a better baked ziti with meatsauce .",baked ziti with meatsauce,"[22, 25]",better,"[21, 21]",POS
"Quality ingredients preparation all around , and a very fair price for NYC .",ingredients,"[1, 1]",Quality,"[0, 0]",POS
"Quality ingredients preparation all around , and a very fair price for NYC .",price,"[10, 10]",fair,"[9, 9]",POS
"Service was very good - prompt , attentive and non-intrusive .",Service,"[0, 0]",good,"[3, 3]",POS
"Service was very good - prompt , attentive and non-intrusive .",Service,"[0, 0]",prompt,"[5, 5]",POS
"Service was very good - prompt , attentive and non-intrusive .",Service,"[0, 0]",attentive,"[7, 7]",POS
"Service was very good - prompt , attentive and non-intrusive .",Service,"[0, 0]",non-intrusive,"[9, 9]",POS
"My entree of hot pot with seafood was full of imitation crabmeat with a couple pieces of shrimp and squid , and was unnecessarily heated with a burner .",crabmeat,"[11, 11]",unnecessarily,"[23, 23]",NEG
"In such a crappy part of town to find a good value for lunch , this place is great .",value,"[11, 11]",good,"[10, 10]",POS
"In fact , while leaving the place we saw two people looking at the menu , and I could n't help telling them that the food was horrible .",food,"[25, 25]",horrible,"[27, 27]",NEG
"Even though the restaurant was packed , we were seated promptly and even asked for a table upstairs with no problems .",seated,"[9, 9]",promptly,"[10, 10]",POS
"Service is friendly , prices are good - delivery time was a little slow , but for the way this pizza tastes , I 'm willing to overlook it .",Service,"[0, 0]",friendly,"[2, 2]",POS
"Service is friendly , prices are good - delivery time was a little slow , but for the way this pizza tastes , I 'm willing to overlook it .",prices,"[4, 4]",good,"[6, 6]",POS
"Service is friendly , prices are good - delivery time was a little slow , but for the way this pizza tastes , I 'm willing to overlook it .",delivery time,"[8, 9]",slow,"[13, 13]",NEG
The food can get pricey but the prixe fixe tasting menu is the greatest food for a good price and they cater the food to any food allergies or food you do n't like .,food,"[1, 1]",pricey,"[4, 4]",NEG
The food can get pricey but the prixe fixe tasting menu is the greatest food for a good price and they cater the food to any food allergies or food you do n't like .,price,"[18, 18]",good,"[17, 17]",POS
"The service is excellent , the decor is great , and the food is delicious and comes in large portions .",service,"[1, 1]",excellent,"[3, 3]",POS
"The service is excellent , the decor is great , and the food is delicious and comes in large portions .",decor,"[6, 6]",great,"[8, 8]",POS
"The service is excellent , the decor is great , and the food is delicious and comes in large portions .",food,"[12, 12]",delicious,"[14, 14]",POS
"The service is excellent , the decor is great , and the food is delicious and comes in large portions .",portions,"[19, 19]",large,"[18, 18]",POS
An excellent service,service,"[2, 2]",excellent,"[1, 1]",POS
I LOVE their Thai noodles with shrimp and chicken and coconut juice is the MUST !,Thai noodles with shrimp and chicken and coconut juice,"[3, 11]",LOVE,"[1, 1]",POS
I LOVE their Thai noodles with shrimp and chicken and coconut juice is the MUST !,Thai noodles with shrimp and chicken and coconut juice,"[3, 11]",MUST,"[14, 14]",POS
The pizza was really good .,pizza,"[1, 1]",good,"[4, 4]",POS
"The only possible drawback to this last point is that as of the date of this posting , the additional menu items are only written in Chinese .",menu items,"[20, 21]",drawback,"[3, 3]",NEG
Kosher dills are the perfect compliment for your unforgetable sandwich and they give you plenty of them .,Kosher dills,"[0, 1]",perfect,"[4, 4]",POS
Kosher dills are the perfect compliment for your unforgetable sandwich and they give you plenty of them .,sandwich,"[9, 9]",unforgetable,"[8, 8]",POS
The food is so cheap and the waiters are nice .,food,"[1, 1]",cheap,"[4, 4]",POS
The food is so cheap and the waiters are nice .,waiters,"[7, 7]",nice,"[9, 9]",POS
The food there is so good that even to order out the wait is incredible .,food,"[1, 1]",good,"[5, 5]",POS
The food there is so good that even to order out the wait is incredible .,wait,"[12, 12]",incredible,"[14, 14]",NEG
"Their sushi , Kamikaze and other Rolls are fresh and well presented .",sushi,"[1, 1]",fresh,"[8, 8]",POS
"Their sushi , Kamikaze and other Rolls are fresh and well presented .",sushi,"[1, 1]",well presented,"[10, 11]",POS
"Their sushi , Kamikaze and other Rolls are fresh and well presented .",Kamikaze,"[3, 3]",fresh,"[8, 8]",POS
"Their sushi , Kamikaze and other Rolls are fresh and well presented .",Kamikaze,"[3, 3]",well presented,"[10, 11]",POS
"Their sushi , Kamikaze and other Rolls are fresh and well presented .",Rolls,"[6, 6]",fresh,"[8, 8]",POS
"Their sushi , Kamikaze and other Rolls are fresh and well presented .",Rolls,"[6, 6]",well presented,"[10, 11]",POS
"For authentic Thai food , look no further than Toons .",Thai food,"[2, 3]",authentic,"[1, 1]",POS
"The highlight of the night was the mayonaisse for my side of fries I received from one of the food runners , which is not good considering the bill was nearly $ 100 .",mayonaisse,"[7, 7]",highlight,"[1, 1]",NEG
"The highlight of the night was the mayonaisse for my side of fries I received from one of the food runners , which is not good considering the bill was nearly $ 100 .",food runners,"[19, 20]",not good,"[24, 25]",NEU
"I choose to go with one of the special , the braised lamb shank in red wine , which was excellent .",braised lamb shank in red wine,"[11, 16]",excellent,"[20, 20]",POS
"I choose to go with one of the special , the braised lamb shank in red wine , which was excellent .",special,"[8, 8]",excellent,"[20, 20]",POS
"Small servings for main entree , i had salmon ( wasnt impressed ) girlfriend had chicken , it was good .",salmon,"[8, 8]",wasnt impressed,"[10, 11]",NEG
"Small servings for main entree , i had salmon ( wasnt impressed ) girlfriend had chicken , it was good .",chicken,"[15, 15]",good,"[19, 19]",POS
"Small servings for main entree , i had salmon ( wasnt impressed ) girlfriend had chicken , it was good .",servings,"[1, 1]",Small,"[0, 0]",NEG
"The food is very good for it 's price , better than most fried dumplings I 've had .",food,"[1, 1]",good,"[4, 4]",POS
"The food is very good for it 's price , better than most fried dumplings I 've had .",food,"[1, 1]",better,"[10, 10]",POS
"The food is very good for it 's price , better than most fried dumplings I 've had .",fried dumplings,"[13, 14]",better,"[10, 10]",NEG
Obv caviar is top of the line but the rest of the menu is so diverse it gives you a chance to taste so manydifferent varietys .,Obv caviar,"[0, 1]",top of the line,"[3, 6]",POS
Obv caviar is top of the line but the rest of the menu is so diverse it gives you a chance to taste so manydifferent varietys .,menu,"[12, 12]",diverse,"[15, 15]",POS
I ate here a week ago and found most dishes average at best and too expensive .,dishes,"[9, 9]",average,"[10, 10]",NEG
I ate here a week ago and found most dishes average at best and too expensive .,dishes,"[9, 9]",too expensive,"[14, 15]",NEG
"Still , try it once , since if you end up loving the food , it could be one of your best dining experiences .",food,"[13, 13]",loving,"[11, 11]",NEU
"Still , try it once , since if you end up loving the food , it could be one of your best dining experiences .",dining experiences,"[22, 23]",best,"[21, 21]",POS
"Other guests enjoyed pizza , santa fe chopped salad and fish and chips .",pizza,"[3, 3]",enjoyed,"[2, 2]",POS
"Other guests enjoyed pizza , santa fe chopped salad and fish and chips .",santa fe chopped salad,"[5, 8]",enjoyed,"[2, 2]",POS
"Other guests enjoyed pizza , santa fe chopped salad and fish and chips .",fish and chips,"[10, 12]",enjoyed,"[2, 2]",POS
"not only does make the best pizza in NY , maybe anywhere .",pizza,"[6, 6]",best,"[5, 5]",POS
The spicy Tuna roll is huge and probably the best that I 've had at this price range .,Tuna roll,"[2, 3]",huge,"[5, 5]",POS
The spicy Tuna roll is huge and probably the best that I 've had at this price range .,price range,"[16, 17]",best,"[9, 9]",POS
Our waiter and all of the people helping him were attentive and genuine .,waiter,"[1, 1]",attentive,"[10, 10]",POS
Our waiter and all of the people helping him were attentive and genuine .,waiter,"[1, 1]",genuine,"[12, 12]",POS
The place is a BISTRO which means : simple dishes and wine served efficiently in a bustling atmosphere .,place,"[1, 1]",BISTRO,"[4, 4]",POS
The place is a BISTRO which means : simple dishes and wine served efficiently in a bustling atmosphere .,dishes,"[9, 9]",simple,"[8, 8]",POS
The place is a BISTRO which means : simple dishes and wine served efficiently in a bustling atmosphere .,wine,"[11, 11]",served efficiently,"[12, 13]",POS
The place is a BISTRO which means : simple dishes and wine served efficiently in a bustling atmosphere .,atmosphere,"[17, 17]",bustling,"[16, 16]",POS
The place is a BISTRO which means : simple dishes and wine served efficiently in a bustling atmosphere .,served,"[12, 12]",efficiently,"[13, 13]",POS
This is one of the best comfort food places in the city .,comfort food,"[6, 7]",best,"[5, 5]",POS
I had a huge pastrami sandwich on a roll .,pastrami sandwich,"[4, 5]",huge,"[3, 3]",POS
"Though you will undoubtedly be seated at a table with what seems like barely enough room ( no matter what the size of your party ) , the warm atomosphere is worth the cramped quarters- you 'll have fun and forgot about the tight spot you 're in .",table,"[8, 8]",enough,"[14, 14]",NEG
"Though you will undoubtedly be seated at a table with what seems like barely enough room ( no matter what the size of your party ) , the warm atomosphere is worth the cramped quarters- you 'll have fun and forgot about the tight spot you 're in .",atomosphere,"[29, 29]",warm,"[28, 28]",POS
"Though you will undoubtedly be seated at a table with what seems like barely enough room ( no matter what the size of your party ) , the warm atomosphere is worth the cramped quarters- you 'll have fun and forgot about the tight spot you 're in .",room,"[15, 15]",enough,"[14, 14]",NEG
"Though you will undoubtedly be seated at a table with what seems like barely enough room ( no matter what the size of your party ) , the warm atomosphere is worth the cramped quarters- you 'll have fun and forgot about the tight spot you 're in .",spot,"[44, 44]",tight,"[43, 43]",NEG
The fish was not fresh and the rice tasted old and stale .,fish,"[1, 1]",not fresh,"[3, 4]",NEG
The fish was not fresh and the rice tasted old and stale .,rice,"[7, 7]",old,"[9, 9]",NEG
The fish was not fresh and the rice tasted old and stale .,rice,"[7, 7]",stale,"[11, 11]",NEG
"Besides , when you have bad service , that 's less money you have to tip .",service,"[6, 6]",bad,"[5, 5]",NEG
"Besides , when you have bad service , that 's less money you have to tip .",money,"[11, 11]",less,"[10, 10]",NEG
"Besides , when you have bad service , that 's less money you have to tip .",tip,"[15, 15]",bad,"[5, 5]",NEG
The wine list is also really nice .,wine list,"[1, 2]",nice,"[6, 6]",POS
"Service was devine , oysters where a sensual as they come , and the price ca n't be beat ! ! !",Service,"[0, 0]",devine,"[2, 2]",POS
"Service was devine , oysters where a sensual as they come , and the price ca n't be beat ! ! !",oysters,"[4, 4]",sensual,"[7, 7]",POS
"Service was devine , oysters where a sensual as they come , and the price ca n't be beat ! ! !",price,"[14, 14]",ca n't be beat,"[15, 18]",POS
"Compared to Ess-a , Tal offers a less doughy bagel !",bagel,"[9, 9]",less doughy,"[7, 8]",NEG
Ballato 's is consistently delicious authentic italian food .,italian food,"[6, 7]",delicious authentic,"[4, 5]",POS
"The service was attentive , yet discreet .",service,"[1, 1]",attentive,"[3, 3]",POS
"The service was attentive , yet discreet .",service,"[1, 1]",discreet,"[6, 6]",POS
They offer the same menu but have creative drinks that are loaded with alcohol and cheeky names -- but they do cost you .,menu,"[4, 4]",same,"[3, 3]",NEU
They offer the same menu but have creative drinks that are loaded with alcohol and cheeky names -- but they do cost you .,drinks,"[8, 8]",creative,"[7, 7]",POS
We went to eat at the Jekyll and Hyde restaurant on Friday night and really enjoyed the fun atmosphere and good food .,atmosphere,"[18, 18]",enjoyed,"[15, 15]",POS
We went to eat at the Jekyll and Hyde restaurant on Friday night and really enjoyed the fun atmosphere and good food .,atmosphere,"[18, 18]",fun,"[17, 17]",POS
We went to eat at the Jekyll and Hyde restaurant on Friday night and really enjoyed the fun atmosphere and good food .,food,"[21, 21]",enjoyed,"[15, 15]",POS
We went to eat at the Jekyll and Hyde restaurant on Friday night and really enjoyed the fun atmosphere and good food .,food,"[21, 21]",good,"[20, 20]",POS
"Unless you are eating in the Pizzeria side of this place , and are not in a rush , this place is a bad idea .",place,"[20, 20]",bad,"[23, 23]",NEG
Ambiance is barely romantic but management tries .,Ambiance,"[0, 0]",barely romantic,"[2, 3]",NEG
Ambiance is barely romantic but management tries .,management,"[5, 5]",tries,"[6, 6]",POS
"I must warn the reader that the portions sizes are very small ( especially the appetizers ) , so if you plan to eat until you are full and do not intend to order the chef 's special tasting menu , prepare to order and pay for an appetizer ( 1 dish for each person because the portions are not for sharing ) , a main entree , and the cold udon at the end of the meal .",portions,"[7, 7]",small,"[11, 11]",NEG
"I must warn the reader that the portions sizes are very small ( especially the appetizers ) , so if you plan to eat until you are full and do not intend to order the chef 's special tasting menu , prepare to order and pay for an appetizer ( 1 dish for each person because the portions are not for sharing ) , a main entree , and the cold udon at the end of the meal .",appetizers,"[15, 15]",small,"[11, 11]",NEG
"After we got our sashimi order , I could not believe how small the portions were !",sashimi,"[4, 4]",small,"[12, 12]",NEU
"After we got our sashimi order , I could not believe how small the portions were !",portions,"[14, 14]",small,"[12, 12]",NEG
Nothing better than buying a snapple for $ 3.25 too .,snapple,"[5, 5]",better,"[1, 1]",POS
"The dosas are skimpy , unattractive and drip with grease , and personally I 'd drink popcorn topping before I 'd eat another one of these .",dosas,"[1, 1]",skimpy,"[3, 3]",NEG
"The dosas are skimpy , unattractive and drip with grease , and personally I 'd drink popcorn topping before I 'd eat another one of these .",dosas,"[1, 1]",unattractive,"[5, 5]",NEG
The service was excellent and the food was delicious .,service,"[1, 1]",excellent,"[3, 3]",POS
The service was excellent and the food was delicious .,food,"[6, 6]",delicious,"[8, 8]",POS
If I wanted to deal with a crappy scene and annoying customers I 'd go out in Manhattan .,scene,"[8, 8]",crappy,"[7, 7]",NEG
If I wanted to deal with a crappy scene and annoying customers I 'd go out in Manhattan .,customers,"[11, 11]",annoying,"[10, 10]",NEG
Until you realize that their five minutes is meaningless and your wait may be anywhere from two to twenty minutes it may be frustrating .,wait,"[11, 11]",frustrating,"[23, 23]",NEG
"Thalia is a beautiful restaurant with beautiful people serving you , but the food does n't quite match up .",people serving,"[7, 8]",beautiful,"[6, 6]",POS
"Thalia is a beautiful restaurant with beautiful people serving you , but the food does n't quite match up .",food,"[13, 13]",does n't quite match up,"[14, 18]",NEG
The fillings may be unconventional but the dosa batter is definitely authentic and the combinations very tasty .,fillings,"[1, 1]",unconventional,"[4, 4]",NEU
The fillings may be unconventional but the dosa batter is definitely authentic and the combinations very tasty .,dosa batter,"[7, 8]",authentic,"[11, 11]",POS
"This is the perfect spot for meeting friends , having lunch , dinner , pre-theatre or after-theatre drinks !",spot,"[4, 4]",perfect,"[3, 3]",POS
"The mussaman curry that I ordered was as thin as water and aside from the poorly fried tofu that I ordered in it , they graciously provided me with ONE piece of poorly cooked potato .",mussaman curry,"[1, 2]",thin,"[8, 8]",NEG
"The mussaman curry that I ordered was as thin as water and aside from the poorly fried tofu that I ordered in it , they graciously provided me with ONE piece of poorly cooked potato .",fried tofu,"[16, 17]",poorly,"[15, 15]",NEG
"The mussaman curry that I ordered was as thin as water and aside from the poorly fried tofu that I ordered in it , they graciously provided me with ONE piece of poorly cooked potato .",potato,"[34, 34]",poorly cooked,"[32, 33]",NEG
"Well , this place is so Ghetto its not even funny .",place,"[3, 3]",Ghetto,"[6, 6]",NEG
"Well , this place is so Ghetto its not even funny .",place,"[3, 3]",not even funny,"[8, 10]",NEG
We would like to thank Marcelo and Grace for a wonderful dining experience ! ! !,dining,"[11, 11]",wonderful,"[10, 10]",POS
"Found service above average , but that could be because we were 13 of us .",service,"[1, 1]",above average,"[2, 3]",POS
"Bagels are ok , but be sure not to make any special requests !",Bagels,"[0, 0]",ok,"[2, 2]",NEU
fine dining restaurant quality .,quality,"[3, 3]",fine,"[0, 0]",POS
Overall a disappointing experience for that price category .,price,"[6, 6]",disappointing,"[2, 2]",NEG
The food was exceptional .,food,"[1, 1]",exceptional,"[3, 3]",POS
The portions are small but being that the food was so good makes up for that .,portions,"[1, 1]",small,"[3, 3]",NEG
The portions are small but being that the food was so good makes up for that .,food,"[8, 8]",good,"[11, 11]",POS
( and I have eaten my share ) Which impresses me for having such a large amount of people to serve .,serve,"[20, 20]",impresses,"[9, 9]",POS
( and I have eaten my share ) Which impresses me for having such a large amount of people to serve .,serve,"[20, 20]",large,"[15, 15]",POS
"Sure , the setting is nice .",setting,"[3, 3]",nice,"[5, 5]",POS
Slightly above average wines start at $ 70+ with only one selection listed at $ 30+ .,wines,"[3, 3]",above average,"[1, 2]",NEG
Their whitefish salad is excellent -- all whitefish with a little mayo .,whitefish salad,"[1, 2]",excellent,"[4, 4]",POS
Their whitefish salad is excellent -- all whitefish with a little mayo .,whitefish,"[7, 7]",all,"[6, 6]",POS
Their whitefish salad is excellent -- all whitefish with a little mayo .,mayo,"[11, 11]",little,"[10, 10]",POS
"The chicken parm was edible but had canned tomato sauce and boxed pasta and the chicken with portobello mushrooms consisted of dry , inedible chicken with terrible sauce .",chicken,"[1, 1]",edible,"[4, 4]",NEG
"The chicken parm was edible but had canned tomato sauce and boxed pasta and the chicken with portobello mushrooms consisted of dry , inedible chicken with terrible sauce .",chicken,"[1, 1]",dry,"[21, 21]",NEG
"The chicken parm was edible but had canned tomato sauce and boxed pasta and the chicken with portobello mushrooms consisted of dry , inedible chicken with terrible sauce .",tomato sauce,"[8, 9]",edible,"[4, 4]",NEG
"The chicken parm was edible but had canned tomato sauce and boxed pasta and the chicken with portobello mushrooms consisted of dry , inedible chicken with terrible sauce .",pasta,"[12, 12]",edible,"[4, 4]",NEG
"The chicken parm was edible but had canned tomato sauce and boxed pasta and the chicken with portobello mushrooms consisted of dry , inedible chicken with terrible sauce .",sauce,"[27, 27]",terrible,"[26, 26]",NEG
I recommend this place to everyone who asks me where to go for a good meal .,meal,"[15, 15]",good,"[14, 14]",POS
The waitresses are nice -- also you can just get counter service sit .,waitresses,"[1, 1]",nice,"[3, 3]",POS
The only friendly staff member was the guy at the bar .,staff member,"[3, 4]",friendly,"[2, 2]",POS
"You can certainly find restaurants that offer a superior fine dining experience , but for superb food at reasonable prices , La Villa ca n't be beat .",food,"[16, 16]",superb,"[15, 15]",POS
"You can certainly find restaurants that offer a superior fine dining experience , but for superb food at reasonable prices , La Villa ca n't be beat .",prices,"[19, 19]",reasonable,"[18, 18]",POS
I can not imagine a friendlier staff working in a restaurant .,staff,"[6, 6]",friendlier,"[5, 5]",POS
I do suggest to ask to be seated upstairs if you are looking to be a little cozy .,upstairs,"[8, 8]",cozy,"[17, 17]",POS
"The red curry is weak and tasteless , the pad thai is stuck together and lumpy , the rice is often overcooked , and the seafood is pretty sketchy .",red curry,"[1, 2]",weak,"[4, 4]",NEG
"The red curry is weak and tasteless , the pad thai is stuck together and lumpy , the rice is often overcooked , and the seafood is pretty sketchy .",red curry,"[1, 2]",tasteless,"[6, 6]",NEG
"The red curry is weak and tasteless , the pad thai is stuck together and lumpy , the rice is often overcooked , and the seafood is pretty sketchy .",pad thai,"[9, 10]",stuck,"[12, 12]",NEG
"The red curry is weak and tasteless , the pad thai is stuck together and lumpy , the rice is often overcooked , and the seafood is pretty sketchy .",pad thai,"[9, 10]",lumpy,"[15, 15]",NEG
"The red curry is weak and tasteless , the pad thai is stuck together and lumpy , the rice is often overcooked , and the seafood is pretty sketchy .",rice,"[18, 18]",overcooked,"[21, 21]",NEG
"The red curry is weak and tasteless , the pad thai is stuck together and lumpy , the rice is often overcooked , and the seafood is pretty sketchy .",seafood,"[25, 25]",sketchy,"[28, 28]",NEG
The wine list is extensive and can easily hike up an otherwise reasonably priced meal .,wine list,"[1, 2]",extensive,"[4, 4]",POS
The wine list is extensive and can easily hike up an otherwise reasonably priced meal .,meal,"[14, 14]",reasonably priced,"[12, 13]",POS
The wine list is extensive and can easily hike up an otherwise reasonably priced meal .,priced,"[13, 13]",reasonably,"[12, 12]",POS
"Saul is pretty good , but definitely not great .",Saul,"[0, 0]",good,"[3, 3]",NEU
"Saul is pretty good , but definitely not great .",Saul,"[0, 0]",not great,"[7, 8]",NEU
"I would recommend Roxy 's for that , but not for their food .",food,"[12, 12]",recommend,"[2, 2]",NEG
"It is nearly impossible to get a table , so if you ever have the chance to go here for dinner , DO NOT pass it up .",table,"[7, 7]",impossible,"[3, 3]",NEG
Their pad penang is delicious and everything else is fantastic .,pad penang,"[1, 2]",delicious,"[4, 4]",POS
"The puke green walls leave a lot to be desired , but the food is very good .",food,"[13, 13]",good,"[16, 16]",POS
"The puke green walls leave a lot to be desired , but the food is very good .",walls,"[3, 3]",desired,"[9, 9]",NEG
"The flavors are very fresh and pretty unobtrusive , nothing flashy .",flavors,"[1, 1]",fresh,"[4, 4]",POS
"The flavors are very fresh and pretty unobtrusive , nothing flashy .",flavors,"[1, 1]",unobtrusive,"[7, 7]",POS
"I like Cafe Noir dont get me wrong , it is jsut that the people who work there are evil and incompetent ! !",people,"[14, 14]",evil,"[19, 19]",NEG
"I like Cafe Noir dont get me wrong , it is jsut that the people who work there are evil and incompetent ! !",people,"[14, 14]",incompetent,"[21, 21]",NEG
The hanger steak was like rubber and the tuna was flavorless not to mention it tasted like it had just been thawed .,hanger steak,"[1, 2]",rubber,"[5, 5]",NEG
The hanger steak was like rubber and the tuna was flavorless not to mention it tasted like it had just been thawed .,tuna,"[8, 8]",flavorless,"[10, 10]",NEG
"Our son loves pizza and we have a certified Neapolitan pizzaria in our home city ( Seattle ) , we liked this nearly as much - and the differences were more about personal preference than any reflection on either restaurant .",pizza,"[3, 3]",loves,"[2, 2]",POS
big and soft as well as good lunch food .,lunch food,"[7, 8]",big,"[0, 0]",POS
big and soft as well as good lunch food .,lunch food,"[7, 8]",soft,"[2, 2]",POS
big and soft as well as good lunch food .,lunch food,"[7, 8]",good,"[6, 6]",POS
"No food snobs allowed , this place is for people who appreciate good food .",food,"[13, 13]",good,"[12, 12]",POS
I liked the food at this quasi-thai restaurant .,food,"[3, 3]",liked,"[1, 1]",POS
"As for the bar , this is another bad idea .",bar,"[3, 3]",bad,"[8, 8]",NEG
The barebecued salmon is elegantly spiced and not at all dry .,barebecued salmon,"[1, 2]",elegantly spiced,"[4, 5]",POS
The barebecued salmon is elegantly spiced and not at all dry .,barebecued salmon,"[1, 2]",not at all dry,"[7, 10]",POS
The highly spiced chai tea was great too .,chai tea,"[3, 4]",highly spiced,"[1, 2]",POS
The highly spiced chai tea was great too .,chai tea,"[3, 4]",great,"[6, 6]",POS
"Seriously , this is the best all you can eat in town- As everyone says , the Spicy Tuna hand rolls are the best- have 4 of these , and you 've broken even .",Spicy Tuna hand rolls,"[17, 20]",best,"[5, 5]",POS
"While Sapphire is certainly not lacking in ambiance , and probably has the best decor of any Indian restaurant I have been to in New York City , the food was not what I had hoped for .",food,"[29, 29]",best,"[13, 13]",NEG
"While Sapphire is certainly not lacking in ambiance , and probably has the best decor of any Indian restaurant I have been to in New York City , the food was not what I had hoped for .",ambiance,"[7, 7]",lacking,"[5, 5]",POS
"While Sapphire is certainly not lacking in ambiance , and probably has the best decor of any Indian restaurant I have been to in New York City , the food was not what I had hoped for .",decor,"[14, 14]",best,"[13, 13]",POS
I would highly recommend this place to anyone looking for a casual atmosphere that whisks you away to the left bank of the river Seine .,atmosphere,"[12, 12]",casual,"[11, 11]",POS
"His wife Tanya , the hostess , completes the comforting atmosphere by being delightfully warm and gracious .",hostess,"[5, 5]",delightfully warm,"[13, 14]",POS
"His wife Tanya , the hostess , completes the comforting atmosphere by being delightfully warm and gracious .",hostess,"[5, 5]",gracious,"[16, 16]",POS
"His wife Tanya , the hostess , completes the comforting atmosphere by being delightfully warm and gracious .",atmosphere,"[10, 10]",comforting,"[9, 9]",POS
"I have been a longtime fan of Holy Basil in the East Village , and while I do believe their food has slightly slipped in quality , I have been hesitant to be disloyal .",quality,"[25, 25]",slipped,"[23, 23]",NEG
"But the best part about LS is the late night atmosphere , delightfully free of the BTs .",atmosphere,"[10, 10]",delightfully,"[12, 12]",POS
The staff there is very attentive and down to earth .,staff,"[1, 1]",attentive,"[5, 5]",POS
The staff there is very attentive and down to earth .,staff,"[1, 1]",down to earth,"[7, 9]",POS
"You do n't go to Mizu for excellent service , you go for the large amounts of food , the amiable atmosphere , and the hole-in-the-wall feeling of the place .",service,"[8, 8]",excellent,"[7, 7]",NEG
"You do n't go to Mizu for excellent service , you go for the large amounts of food , the amiable atmosphere , and the hole-in-the-wall feeling of the place .",food,"[17, 17]",large,"[14, 14]",POS
"You do n't go to Mizu for excellent service , you go for the large amounts of food , the amiable atmosphere , and the hole-in-the-wall feeling of the place .",atmosphere,"[21, 21]",amiable,"[20, 20]",POS
The service is decent even when this small place is packed .,service,"[1, 1]",decent,"[3, 3]",POS
The service is decent even when this small place is packed .,place,"[8, 8]",small,"[7, 7]",NEG
The service is decent even when this small place is packed .,place,"[8, 8]",packed,"[10, 10]",NEG
This is the best sushi in new york city - hands down .,sushi,"[4, 4]",best,"[3, 3]",POS
Great value for the quality ingredients .,ingredients,"[5, 5]",quality,"[4, 4]",POS
"The Thali was small , thoroughly unremarkable , and $ 14.95 .",Thali,"[1, 1]",small,"[3, 3]",NEG
"The Thali was small , thoroughly unremarkable , and $ 14.95 .",Thali,"[1, 1]",unremarkable,"[6, 6]",NEG
Truly the mark of an attentive waiter .,waiter,"[6, 6]",attentive,"[5, 5]",POS
"The food here is rather good , but only if you like to wait for it .",food,"[1, 1]",good,"[5, 5]",POS
I got an excellent piece of cheesecake and we had several other nice pastries .,cheesecake,"[6, 6]",excellent,"[3, 3]",POS
I got an excellent piece of cheesecake and we had several other nice pastries .,pastries,"[13, 13]",nice,"[12, 12]",POS
"The staff is very kind and well trained , they 're fast , they are always prompt to jump behind the bar and fix drinks , they know details of every item in the menu and make excellent recomendations .",staff,"[1, 1]",kind,"[4, 4]",POS
"The staff is very kind and well trained , they 're fast , they are always prompt to jump behind the bar and fix drinks , they know details of every item in the menu and make excellent recomendations .",staff,"[1, 1]",well trained,"[6, 7]",POS
"The staff is very kind and well trained , they 're fast , they are always prompt to jump behind the bar and fix drinks , they know details of every item in the menu and make excellent recomendations .",staff,"[1, 1]",fast,"[11, 11]",POS
"The staff is very kind and well trained , they 're fast , they are always prompt to jump behind the bar and fix drinks , they know details of every item in the menu and make excellent recomendations .",staff,"[1, 1]",prompt,"[16, 16]",POS
The food is inventive but still keeps traditional indian flavoring .,food,"[1, 1]",inventive,"[3, 3]",POS
The food is inventive but still keeps traditional indian flavoring .,food,"[1, 1]",traditional,"[7, 7]",POS
"The decor in this place is very diner-ish and the kind of place you expect in the East Village - not romantic , just simple , small and sparse .",decor,"[1, 1]",diner-ish,"[7, 7]",POS
"The decor in this place is very diner-ish and the kind of place you expect in the East Village - not romantic , just simple , small and sparse .",place,"[4, 4]",simple,"[24, 24]",POS
"The decor in this place is very diner-ish and the kind of place you expect in the East Village - not romantic , just simple , small and sparse .",place,"[4, 4]",small,"[26, 26]",POS
"The decor in this place is very diner-ish and the kind of place you expect in the East Village - not romantic , just simple , small and sparse .",place,"[4, 4]",sparse,"[28, 28]",POS
This is a cute place and could be good but they need to get their act together .,place,"[4, 4]",cute,"[3, 3]",POS
The lox is always fresh too .,lox,"[1, 1]",fresh,"[4, 4]",POS
So all I 'm trying to say is this restaurant is by far the best thai food restaurant I 've ever been to .,thai food,"[15, 16]",best,"[14, 14]",POS
Food was OK - fish was cooked well .,Food,"[0, 0]",OK,"[2, 2]",NEU
Food was OK - fish was cooked well .,fish,"[4, 4]",cooked well,"[6, 7]",POS
The duck confit is always amazing and the foie gras terrine with figs was out of this world .,foie gras terrine with figs,"[8, 12]",out of this world,"[14, 17]",POS
The duck confit is always amazing and the foie gras terrine with figs was out of this world .,duck confit,"[1, 2]",amazing,"[5, 5]",POS
"The whole set up is truly unprofessional and I wish Cafe Noir would get some good staff , because despite the current one this is a great place .",staff,"[16, 16]",good,"[15, 15]",NEG
The staff offers impeccable service .,staff,"[1, 1]",impeccable,"[3, 3]",POS
The staff offers impeccable service .,service,"[4, 4]",impeccable,"[3, 3]",POS
We ended our great experience by having Gulab Jamun ( dessert ) recommended by the waiter .,Gulab Jamun ( dessert ),"[7, 11]",great,"[3, 3]",POS
"The place is sleek , modern and playful and i will return again frequently .",place,"[1, 1]",sleek,"[3, 3]",POS
"The place is sleek , modern and playful and i will return again frequently .",place,"[1, 1]",modern,"[5, 5]",POS
"The place is sleek , modern and playful and i will return again frequently .",place,"[1, 1]",playful,"[7, 7]",POS
The brioche and lollies as party favors is a cute and sweet touch to a most memorable meal .,brioche and lollies,"[1, 3]",cute,"[9, 9]",POS
The brioche and lollies as party favors is a cute and sweet touch to a most memorable meal .,brioche and lollies,"[1, 3]",sweet,"[11, 11]",POS
The brioche and lollies as party favors is a cute and sweet touch to a most memorable meal .,meal,"[17, 17]",memorable,"[16, 16]",POS
"The service was attentive , yet unimposing , the food was far better than many notorious restaurants in Midtown and the wine list is extensive and well priced .",food,"[9, 9]",better,"[12, 12]",POS
"The service was attentive , yet unimposing , the food was far better than many notorious restaurants in Midtown and the wine list is extensive and well priced .",wine list,"[21, 22]",extensive,"[24, 24]",POS
"The service was attentive , yet unimposing , the food was far better than many notorious restaurants in Midtown and the wine list is extensive and well priced .",wine list,"[21, 22]",well priced,"[26, 27]",POS
"The service was attentive , yet unimposing , the food was far better than many notorious restaurants in Midtown and the wine list is extensive and well priced .",priced,"[27, 27]",well,"[26, 26]",POS
Salads were fantastic .,Salads,"[0, 0]",fantastic,"[2, 2]",POS
The owners and employees are friendly and their pizza is fantastic .,owners,"[1, 1]",friendly,"[5, 5]",POS
The owners and employees are friendly and their pizza is fantastic .,employees,"[3, 3]",friendly,"[5, 5]",POS
The owners and employees are friendly and their pizza is fantastic .,pizza,"[8, 8]",fantastic,"[10, 10]",POS
"The food is yummy , especially their cooked-to-perfection mussels in spicy tomato sauce and their shoestring crispy fries .",food,"[1, 1]",yummy,"[3, 3]",POS
"The food is yummy , especially their cooked-to-perfection mussels in spicy tomato sauce and their shoestring crispy fries .",mussels in spicy tomato sauce,"[8, 12]",yummy,"[3, 3]",POS
"The food is yummy , especially their cooked-to-perfection mussels in spicy tomato sauce and their shoestring crispy fries .",mussels in spicy tomato sauce,"[8, 12]",cooked-to-perfection,"[7, 7]",POS
"The food is yummy , especially their cooked-to-perfection mussels in spicy tomato sauce and their shoestring crispy fries .",fries,"[17, 17]",yummy,"[3, 3]",POS
"The food is yummy , especially their cooked-to-perfection mussels in spicy tomato sauce and their shoestring crispy fries .",fries,"[17, 17]",crispy,"[16, 16]",POS
Fast service .,service,"[1, 1]",Fast,"[0, 0]",POS
"The staff is excellent , special : that girl behind the bar , european chic .",staff,"[1, 1]",excellent,"[3, 3]",POS
"The staff is excellent , special : that girl behind the bar , european chic .",bar,"[11, 11]",special,"[5, 5]",NEU
"The service was bad , the food took to forever to come , we sat on the upper level .",service,"[1, 1]",bad,"[3, 3]",NEG
"The service was bad , the food took to forever to come , we sat on the upper level .",food,"[6, 6]",bad,"[3, 3]",NEG
"We a menu that rarely changes , e xcept for one or two specials , the quality and care they put in thier food in evident .",quality,"[16, 16]",evident,"[25, 25]",POS
"We a menu that rarely changes , e xcept for one or two specials , the quality and care they put in thier food in evident .",care,"[18, 18]",evident,"[25, 25]",POS
"Stick to dimsum , not super overpriced noodles .",noodles,"[7, 7]",not super overpriced,"[4, 6]",NEU
The service is fine and they allow you to enjoy the view .,service,"[1, 1]",fine,"[3, 3]",POS
The service is fine and they allow you to enjoy the view .,view,"[11, 11]",enjoy,"[9, 9]",POS
"We , there were four of us , arrived at noon - the place was empty - and the staff acted like we were imposing on them and they were very rude .",staff,"[19, 19]",rude,"[31, 31]",NEG
delicious simple food in nice outdoor atmosphere .,food,"[2, 2]",delicious simple,"[0, 1]",POS
delicious simple food in nice outdoor atmosphere .,atmosphere,"[6, 6]",nice,"[4, 4]",POS
The only fallback on this restaurant is the prices .,prices,"[8, 8]",fallback,"[2, 2]",NEG
The hot and sour soup was unbearably hot and tasted of only pepper and nothing else .,soup,"[4, 4]",unbearably hot,"[6, 7]",NEG
The food is delicious .,food,"[1, 1]",delicious,"[3, 3]",POS
Their wines by the glass are a great accompaniment and you can eat like a king with wine for under $ 30 .,wines by the glass,"[1, 4]",great,"[7, 7]",POS
This place has the the correct ambience and an excellent staff to make you feel like a guest and a friend at the same time .,ambience,"[6, 6]",correct,"[5, 5]",POS
This place has the the correct ambience and an excellent staff to make you feel like a guest and a friend at the same time .,staff,"[10, 10]",excellent,"[9, 9]",POS
The atmosphere is much better than Sripraphai ( more modern and sleek ) .,atmosphere,"[1, 1]",better,"[4, 4]",POS
The atmosphere is much better than Sripraphai ( more modern and sleek ) .,atmosphere,"[1, 1]",modern,"[9, 9]",POS
The atmosphere is much better than Sripraphai ( more modern and sleek ) .,atmosphere,"[1, 1]",sleek,"[11, 11]",POS
"The food is outstanding and the service is quick , friendly and very professional .",food,"[1, 1]",outstanding,"[3, 3]",POS
"The food is outstanding and the service is quick , friendly and very professional .",service,"[6, 6]",quick,"[8, 8]",POS
"The food is outstanding and the service is quick , friendly and very professional .",service,"[6, 6]",friendly,"[10, 10]",POS
"The food is outstanding and the service is quick , friendly and very professional .",service,"[6, 6]",professional,"[13, 13]",POS
"The bagels always warm , soft on the inside , crispy on the outside and enormous in size .",bagels,"[1, 1]",warm,"[3, 3]",POS
"The bagels always warm , soft on the inside , crispy on the outside and enormous in size .",bagels,"[1, 1]",soft,"[5, 5]",POS
"The bagels always warm , soft on the inside , crispy on the outside and enormous in size .",bagels,"[1, 1]",crispy,"[10, 10]",POS
"The bagels always warm , soft on the inside , crispy on the outside and enormous in size .",bagels,"[1, 1]",enormous,"[15, 15]",POS
"I had a late dinner at Lucky Stike , a great name for a joint if ever I saw one .",dinner,"[4, 4]",great,"[10, 10]",NEU
Service is fast and friendly .,Service,"[0, 0]",fast,"[2, 2]",POS
Service is fast and friendly .,Service,"[0, 0]",friendly,"[4, 4]",POS
And they have these home made potato chips at the bar that are the most delicious things in the world !,potato chips,"[6, 7]",delicious,"[15, 15]",POS
And they have these home made potato chips at the bar that are the most delicious things in the world !,bar,"[10, 10]",delicious,"[15, 15]",NEU
My husband and I enjoyed each of the 6 taste size portions and left completely full .,portions,"[11, 11]",enjoyed,"[4, 4]",POS
"We all ate pasta entre'es , which were great .",pasta entre'es,"[3, 4]",great,"[8, 8]",POS
The steak was excellent and one of the best I have had ( I tasted the butter intitally but in no way did it overwhelm the flavor of the meat ) .,steak,"[1, 1]",excellent,"[3, 3]",POS
The steak was excellent and one of the best I have had ( I tasted the butter intitally but in no way did it overwhelm the flavor of the meat ) .,steak,"[1, 1]",best,"[8, 8]",POS
The food was boring and expensive .,food,"[1, 1]",boring,"[3, 3]",NEG
The food was boring and expensive .,food,"[1, 1]",expensive,"[5, 5]",NEG
"The ambience is pretty and nice for conversation , so a casual lunch here would probably be best .",ambience,"[1, 1]",pretty,"[3, 3]",POS
"The ambience is pretty and nice for conversation , so a casual lunch here would probably be best .",ambience,"[1, 1]",nice,"[5, 5]",POS
"The ambience is pretty and nice for conversation , so a casual lunch here would probably be best .",lunch,"[12, 12]",casual,"[11, 11]",POS
Terrific menu full of unique rolls and special dishes .,menu,"[1, 1]",Terrific,"[0, 0]",POS
Terrific menu full of unique rolls and special dishes .,rolls,"[5, 5]",unique,"[4, 4]",POS
Terrific menu full of unique rolls and special dishes .,dishes,"[8, 8]",special,"[7, 7]",POS
The service is ok but could be better .,service,"[1, 1]",ok,"[3, 3]",NEG
The service is ok but could be better .,service,"[1, 1]",could be better,"[5, 7]",NEG
"We love the food , drinks , and atmosphere !",food,"[3, 3]",love,"[1, 1]",POS
"We love the food , drinks , and atmosphere !",drinks,"[5, 5]",love,"[1, 1]",POS
"We love the food , drinks , and atmosphere !",atmosphere,"[8, 8]",love,"[1, 1]",POS
I was here a few weeks back and we had the worst customer service experience at a restaurant ever .,customer service,"[12, 13]",worst,"[11, 11]",NEG
"Took my mom for Mother 's Day , and the maitre d ' was pretty rude .",maitre d ',"[10, 12]",rude,"[15, 15]",NEG
"The vibe is very relaxed and cozy , service was great and the food was excellent !",vibe,"[1, 1]",relaxed,"[4, 4]",POS
"The vibe is very relaxed and cozy , service was great and the food was excellent !",vibe,"[1, 1]",cozy,"[6, 6]",POS
"The vibe is very relaxed and cozy , service was great and the food was excellent !",service,"[8, 8]",great,"[10, 10]",POS
"The vibe is very relaxed and cozy , service was great and the food was excellent !",food,"[13, 13]",excellent,"[15, 15]",POS
The service was friendly and the atmosphere was casual .,service,"[1, 1]",friendly,"[3, 3]",POS
The service was friendly and the atmosphere was casual .,atmosphere,"[6, 6]",casual,"[8, 8]",POS
"I recommend their Pad See Ew , Pork Chops or Tofu plates .",Pad See Ew,"[3, 5]",recommend,"[1, 1]",POS
"I recommend their Pad See Ew , Pork Chops or Tofu plates .",Pork Chops,"[7, 8]",recommend,"[1, 1]",POS
"I recommend their Pad See Ew , Pork Chops or Tofu plates .",Tofu plates,"[10, 11]",recommend,"[1, 1]",POS
"this is the best secret place in midtown ' , I heard that from the bartender , after having brilliant food ( try steak with portobello mushrooms ) and drinks on the bar last Tuesday .",food,"[20, 20]",brilliant,"[19, 19]",POS
"this is the best secret place in midtown ' , I heard that from the bartender , after having brilliant food ( try steak with portobello mushrooms ) and drinks on the bar last Tuesday .",drinks,"[29, 29]",brilliant,"[19, 19]",POS
"this is the best secret place in midtown ' , I heard that from the bartender , after having brilliant food ( try steak with portobello mushrooms ) and drinks on the bar last Tuesday .",steak with portobello mushrooms,"[23, 26]",brilliant,"[19, 19]",POS
"this is the best secret place in midtown ' , I heard that from the bartender , after having brilliant food ( try steak with portobello mushrooms ) and drinks on the bar last Tuesday .",steak with portobello mushrooms,"[23, 26]",try,"[22, 22]",POS
The service was excellent - friendly and attentive .,service,"[1, 1]",excellent,"[3, 3]",POS
The service was excellent - friendly and attentive .,service,"[1, 1]",friendly,"[5, 5]",POS
The service was excellent - friendly and attentive .,service,"[1, 1]",attentive,"[7, 7]",POS
The dinner menu is diverse and top-notch as well .,dinner menu,"[1, 2]",diverse,"[4, 4]",POS
The dinner menu is diverse and top-notch as well .,dinner menu,"[1, 2]",top-notch,"[6, 6]",POS
"I do n't like Indian food too much and this was delicious , however you want to factor that into the equation .",Indian food,"[4, 5]",do n't like,"[1, 3]",POS
"at taj , vegetarians can rejoice-all the dishes are manna from heaven .",dishes,"[7, 7]",heaven,"[11, 11]",POS
Jimmy 's is hands down the hottest night spot in the Bronx .,spot,"[8, 8]",hottest,"[6, 6]",POS
"The $ 300 bill was a bit steep , but the experience was great .",bill,"[3, 3]",steep,"[7, 7]",NEG
"Nice ambiance , nice little bar , good bartender , Francois , and good service .",bar,"[5, 5]",nice,"[3, 3]",POS
"Nice ambiance , nice little bar , good bartender , Francois , and good service .",bartender,"[8, 8]",good,"[7, 7]",POS
"Nice ambiance , nice little bar , good bartender , Francois , and good service .",service,"[14, 14]",good,"[13, 13]",POS
"Nice ambiance , nice little bar , good bartender , Francois , and good service .",ambiance,"[1, 1]",nice,"[3, 3]",POS
"The calamari comes with an incredible sauce , and the duck noodles are yummy as well .",sauce,"[6, 6]",incredible,"[5, 5]",POS
"The calamari comes with an incredible sauce , and the duck noodles are yummy as well .",duck noodles,"[10, 11]",yummy,"[13, 13]",POS
I would definitely go back -- if only for some of those exotic martinis on the blackboard .,martinis,"[13, 13]",exotic,"[12, 12]",POS
Simple comfort food and what hot and large portions .,comfort food,"[1, 2]",Simple comfort,"[0, 1]",POS
Simple comfort food and what hot and large portions .,portions,"[8, 8]",large,"[7, 7]",POS
The bagels are also reasonably priced for NYC .,bagels,"[1, 1]",reasonably priced,"[4, 5]",POS
The bagels are also reasonably priced for NYC .,priced,"[5, 5]",reasonably,"[4, 4]",POS
Decor leaves something to be desired .,Decor,"[0, 0]",desired,"[5, 5]",NEG
"Also , specify if you like your food spicy- its rather bland if you do n't .",food,"[7, 7]",bland,"[11, 11]",NEU
"Our waiter was fine , the place looks nice in that not-trying-too-hard way , but at those prices , a little more should be expected of your food .",waiter,"[1, 1]",fine,"[3, 3]",POS
"Our waiter was fine , the place looks nice in that not-trying-too-hard way , but at those prices , a little more should be expected of your food .",place,"[6, 6]",fine,"[3, 3]",POS
"Our waiter was fine , the place looks nice in that not-trying-too-hard way , but at those prices , a little more should be expected of your food .",food,"[27, 27]",more should be expected,"[21, 24]",NEG
"I 've been to this restaurant more than a dozen times and when I 'm craving for Pho , Lemon grass chicken or Beef Cube on rice , this is the place to go .",Pho,"[17, 17]",craving,"[15, 15]",POS
"I 've been to this restaurant more than a dozen times and when I 'm craving for Pho , Lemon grass chicken or Beef Cube on rice , this is the place to go .",Lemon grass chicken,"[19, 21]",craving,"[15, 15]",POS
"I 've been to this restaurant more than a dozen times and when I 'm craving for Pho , Lemon grass chicken or Beef Cube on rice , this is the place to go .",Beef Cube on rice,"[23, 26]",craving,"[15, 15]",POS
"Oh yes , and if you are a fan of Indian oldies film stars , there are plenty of portraits of Indian actors and actresses in classic black white that adorn the walls , some of which , I would love to know where they obtained .",portraits,"[19, 19]",plenty,"[17, 17]",POS
"The food is spectacular , from the appitizers to the main course , and then of course the desserts , ( WOW ) you 'll need no more .",food,"[1, 1]",spectacular,"[3, 3]",POS
"The food is spectacular , from the appitizers to the main course , and then of course the desserts , ( WOW ) you 'll need no more .",appitizers,"[7, 7]",spectacular,"[3, 3]",POS
"The food is spectacular , from the appitizers to the main course , and then of course the desserts , ( WOW ) you 'll need no more .",main course,"[10, 11]",spectacular,"[3, 3]",POS
"The food is spectacular , from the appitizers to the main course , and then of course the desserts , ( WOW ) you 'll need no more .",desserts,"[18, 18]",spectacular,"[3, 3]",POS
My fish was delicious in an incredible curry sauce .,fish,"[1, 1]",delicious,"[3, 3]",POS
My fish was delicious in an incredible curry sauce .,curry sauce,"[7, 8]",incredible,"[6, 6]",POS
If you are in search of the most authentic NYC deli experience look no further than the famous and historic Katz 's Deli down on the Lower East Side .,deli,"[10, 10]",authentic,"[8, 8]",POS
"Even upon delivery , their juicy pork buns are quite good . .",pork buns,"[6, 7]",good,"[10, 10]",POS
"Average to good Thai food , but terrible delivery .",Thai food,"[3, 4]",Average to good,"[0, 2]",POS
"Average to good Thai food , but terrible delivery .",delivery,"[8, 8]",terrible,"[7, 7]",NEG
Joe 's Pizza used to have the best slice until this pizzeria opened up .,slice,"[8, 8]",best,"[7, 7]",POS
And they provided a delicious dessert on the house !,dessert,"[5, 5]",delicious,"[4, 4]",POS
"They are still living in the dark ages and do not have an answering machine , so if you want to make a reservation you are limited .",reservation,"[23, 23]",limited,"[26, 26]",NEG
"The food is amazing , rich pastas and fresh doughy pizza .",food,"[1, 1]",amazing,"[3, 3]",POS
"The food is amazing , rich pastas and fresh doughy pizza .",pastas,"[6, 6]",rich,"[5, 5]",POS
"The food is amazing , rich pastas and fresh doughy pizza .",pizza,"[10, 10]",fresh doughy,"[8, 9]",POS
"Food was very good , but not what I would consider out of this world .",Food,"[0, 0]",good,"[3, 3]",POS
"Try the Pad Thai , it 's fabulous and their prices are so cheap !",Pad Thai,"[2, 3]",Try,"[0, 0]",POS
"Try the Pad Thai , it 's fabulous and their prices are so cheap !",Pad Thai,"[2, 3]",fabulous,"[7, 7]",POS
"Try the Pad Thai , it 's fabulous and their prices are so cheap !",Pad Thai,"[2, 3]",cheap,"[13, 13]",POS
"Try the Pad Thai , it 's fabulous and their prices are so cheap !",prices,"[10, 10]",cheap,"[13, 13]",POS
Food is great and inexpensive .,Food,"[0, 0]",great,"[2, 2]",POS
Food is great and inexpensive .,Food,"[0, 0]",inexpensive,"[4, 4]",POS
"Dessert - ca n't be missed , so save room ! ! !",Dessert,"[0, 0]",ca n't be missed,"[2, 5]",POS
Ingredients are organic which is a real plus for me .,Ingredients,"[0, 0]",organic,"[2, 2]",POS
Ingredients are organic which is a real plus for me .,Ingredients,"[0, 0]",plus,"[7, 7]",POS
It was so bad I actually refused to pay for my food .,food,"[11, 11]",bad,"[3, 3]",NEG
I recommend this spot to anyone who enjoys fine cuisine at reasonable prices .,cuisine,"[9, 9]",fine,"[8, 8]",POS
I recommend this spot to anyone who enjoys fine cuisine at reasonable prices .,prices,"[12, 12]",reasonable,"[11, 11]",POS
"The staff was very attentive , the ambience lovely , and the food superb .",staff,"[1, 1]",attentive,"[4, 4]",POS
"The staff was very attentive , the ambience lovely , and the food superb .",ambience,"[7, 7]",lovely,"[8, 8]",POS
"The staff was very attentive , the ambience lovely , and the food superb .",food,"[12, 12]",superb,"[13, 13]",POS
"I love when restaurants think using fancy expensive ingrediants makes the food fine cuisine , even with no idea how to use them .",ingrediants,"[8, 8]",expensive,"[7, 7]",POS
"I love when restaurants think using fancy expensive ingrediants makes the food fine cuisine , even with no idea how to use them .",cuisine,"[13, 13]",fine,"[12, 12]",POS
"I love when restaurants think using fancy expensive ingrediants makes the food fine cuisine , even with no idea how to use them .",food,"[11, 11]",fine,"[12, 12]",POS
THe Pizza and wine were excellent -the service too -- but what really MADE this place was the backyard dining area .,Pizza,"[1, 1]",excellent,"[5, 5]",POS
THe Pizza and wine were excellent -the service too -- but what really MADE this place was the backyard dining area .,wine,"[3, 3]",excellent,"[5, 5]",POS
THe Pizza and wine were excellent -the service too -- but what really MADE this place was the backyard dining area .,service,"[7, 7]",excellent,"[5, 5]",POS
"The service was superb , they treat you like family .",service,"[1, 1]",superb,"[3, 3]",POS
"We all had the tasting menu and unlike some of the other reviews , I felt there was more than enough food .",food,"[21, 21]",more than enough,"[18, 20]",POS
"The menu may be small , but everything on it is delicious .",menu,"[1, 1]",small,"[4, 4]",NEG
They had scrapped the bottom of the vessel in which they make the rice -RESULT - WE HAD LARGE CHUNKS OF BURNT RICE IN OUR SERVING BOWL .,RICE,"[22, 22]",BURNT,"[21, 21]",NEG
"Warm , comfortable surroundings , nice appointments ( witness the etched glass and brickwork separating the dining rooms ) .",surroundings,"[3, 3]",Warm,"[0, 0]",POS
"Warm , comfortable surroundings , nice appointments ( witness the etched glass and brickwork separating the dining rooms ) .",surroundings,"[3, 3]",comfortable,"[2, 2]",POS
"Warm , comfortable surroundings , nice appointments ( witness the etched glass and brickwork separating the dining rooms ) .",dining rooms,"[16, 17]",nice,"[5, 5]",NEU
"The well mannered , pleasant staff that Tony has in his employ .",staff,"[5, 5]",pleasant,"[4, 4]",POS
"All I can say is $ 2 pints during happy hour and the some of the cheapest oysters you 'll find in the city , though the quality is some of the best .",oysters,"[17, 17]",cheapest,"[16, 16]",POS
"All I can say is $ 2 pints during happy hour and the some of the cheapest oysters you 'll find in the city , though the quality is some of the best .",quality,"[27, 27]",best,"[32, 32]",POS
"I would never wait for a table to eat , it just is not THAT great .",table,"[6, 6]",never wait,"[2, 3]",NEU
"We concluded with tiramisu chocolate cake , both were delicious .",tiramisu chocolate cake,"[3, 5]",delicious,"[9, 9]",POS
The counter service is bad .,counter service,"[1, 2]",bad,"[4, 4]",NEG
"Service here was great , food was fantastic .",Service,"[0, 0]",great,"[3, 3]",POS
"Service here was great , food was fantastic .",food,"[5, 5]",fantastic,"[7, 7]",POS
The sauce is delicious and the crust is perfect .,sauce,"[1, 1]",delicious,"[3, 3]",POS
The sauce is delicious and the crust is perfect .,crust,"[6, 6]",perfect,"[8, 8]",POS
"You will pay a lot for the decore , but the food is no better or worse than a lot of other Chinese and Asian fusion places in NY .",decore,"[7, 7]",pay a lot,"[2, 4]",NEG
"You will pay a lot for the decore , but the food is no better or worse than a lot of other Chinese and Asian fusion places in NY .",food,"[11, 11]",no better or worse,"[13, 16]",NEU
They have some great entrees here as well .,entrees,"[4, 4]",great,"[3, 3]",POS
The service is not consistently excellent -- just decent .,service,"[1, 1]",not consistently excellent,"[3, 5]",NEU
The service is not consistently excellent -- just decent .,service,"[1, 1]",decent,"[8, 8]",NEU
"The food , served in small tasting portions ( as an option ) is very good with each dish being better than the next .",food,"[1, 1]",good,"[15, 15]",POS
"The food , served in small tasting portions ( as an option ) is very good with each dish being better than the next .",portions,"[7, 7]",small,"[5, 5]",POS
"The food , served in small tasting portions ( as an option ) is very good with each dish being better than the next .",dish,"[18, 18]",better,"[20, 20]",POS
I had the mango chicken and i ca n't go on to tell you how delicious that was and the presentation was beautiful .,mango chicken,"[3, 4]",delicious,"[15, 15]",POS
I had the mango chicken and i ca n't go on to tell you how delicious that was and the presentation was beautiful .,presentation,"[20, 20]",beautiful,"[22, 22]",POS
Food and service was okay .,Food,"[0, 0]",okay,"[4, 4]",NEU
Food and service was okay .,service,"[2, 2]",okay,"[4, 4]",NEU
The best pad thai i 've ever had .,pad thai,"[2, 3]",best,"[1, 1]",POS
Great pizza and fantastic service .,pizza,"[1, 1]",Great,"[0, 0]",POS
Great pizza and fantastic service .,service,"[4, 4]",fantastic,"[3, 3]",POS
"While this is a pretty place in that overly cute French way , the food was insultingly horrible .",place,"[5, 5]",pretty,"[4, 4]",POS
"While this is a pretty place in that overly cute French way , the food was insultingly horrible .",food,"[14, 14]",insultingly horrible,"[16, 17]",NEG
I went there for lunch and it was not as good as I expected from the reviews I read .,lunch,"[4, 4]",not as good as I expected,"[8, 13]",NEU
"The wine list is n't great , and the desserts are shipped in from Bruno 's down the street , which is not as good as it used to be .",wine list,"[1, 2]",is n't great,"[3, 5]",NEG
"The wine list is n't great , and the desserts are shipped in from Bruno 's down the street , which is not as good as it used to be .",desserts,"[9, 9]",not as good,"[22, 24]",NEG
Their coffee is quite good too !,coffee,"[1, 1]",good,"[4, 4]",POS
"great wine list ( italian ) , good food , service was INITIALLY fine .",wine list,"[1, 2]",great,"[0, 0]",POS
"great wine list ( italian ) , good food , service was INITIALLY fine .",food,"[8, 8]",good,"[7, 7]",POS
"Despite the fact that the space is large , they 've overcrowded the floor with tables .",space,"[5, 5]",large,"[7, 7]",POS
"Despite the fact that the space is large , they 've overcrowded the floor with tables .",tables,"[15, 15]",overcrowded,"[11, 11]",NEG
"They are not helpful in the least and will give you the grand run around so by the time the event date rolls around you will not only regret chosing this place , but also become hostile !",place,"[31, 31]",hostile,"[36, 36]",NEG
"Normally that would be improper , however they were all delicious and my host did not complain .",host,"[13, 13]",delicious,"[10, 10]",NEU
Taxan delicious !,Taxan,"[0, 0]",delicious,"[1, 1]",POS
"Unlike other places in NYC where the sandwiches you want only come as a triple-decker , here you can get what you want in a reasonably-sized portion ( and price ) .",portion,"[26, 26]",reasonably-sized,"[25, 25]",POS
"Restaurant snobs need not bother , this is a small , neighborhood kind of place .",place,"[14, 14]",small,"[9, 9]",POS
They could n't even make a salad that was appealing .,salad,"[6, 6]",appealing,"[9, 9]",NEG
Of course the reason its so packed is because the food is so delicious !,food,"[10, 10]",delicious,"[13, 13]",POS
"Staffs are not that friendly , but the taste covers all .",Staffs,"[0, 0]",not that friendly,"[2, 4]",NEG
"Staffs are not that friendly , but the taste covers all .",taste,"[8, 8]",covers all,"[9, 10]",POS
The waiter was attentive .,waiter,"[1, 1]",attentive,"[3, 3]",POS
Their Margarita is best I 've had since I 've returned from Naples !,Margarita,"[1, 1]",best,"[3, 3]",POS
"Their sake list was extensive , but we were looking for Purple Haze , which was n't listed but made for us upon request !",sake list,"[1, 2]",extensive,"[4, 4]",POS
"The tables are crammed way too close , the menu is typical of any Italian restaurant , and the wine list is simply overpriced .",tables,"[1, 1]",crammed,"[3, 3]",NEG
"The tables are crammed way too close , the menu is typical of any Italian restaurant , and the wine list is simply overpriced .",tables,"[1, 1]",too close,"[5, 6]",NEG
"The tables are crammed way too close , the menu is typical of any Italian restaurant , and the wine list is simply overpriced .",menu,"[9, 9]",typical,"[11, 11]",NEU
"The tables are crammed way too close , the menu is typical of any Italian restaurant , and the wine list is simply overpriced .",wine list,"[19, 20]",overpriced,"[23, 23]",NEG
The food was actually awful .,food,"[1, 1]",awful,"[4, 4]",NEG
They are served with a free appetizer and the portions are perfect for lunch .,appetizer,"[6, 6]",free,"[5, 5]",POS
They are served with a free appetizer and the portions are perfect for lunch .,portions,"[9, 9]",perfect,"[11, 11]",POS
There is actually space to breathe and the decor sets the tone for an intimate dinner .,dinner,"[15, 15]",intimate,"[14, 14]",NEU
We went around 9:30 on a Friday and it had died down a bit by then so the service was great !,service,"[18, 18]",great,"[20, 20]",POS
"My husband and I both ordered the Steak , medium .",Steak,"[7, 7]",medium,"[9, 9]",NEU
This place has realy fresh sushi and a nice large menu of Japanese classic cuisine .,sushi,"[5, 5]",fresh,"[4, 4]",POS
This place has realy fresh sushi and a nice large menu of Japanese classic cuisine .,menu,"[10, 10]",large,"[9, 9]",POS
The sushi is average and the prices are anything but .,sushi,"[1, 1]",average,"[3, 3]",NEU
"My wife and I also enjoyed the spinach , the Shanghai low mein , and other attractions .",spinach,"[7, 7]",enjoyed,"[5, 5]",POS
"My wife and I also enjoyed the spinach , the Shanghai low mein , and other attractions .",Shanghai low mein,"[10, 12]",enjoyed,"[5, 5]",POS
Turned out there was full service upstairs and sat down .,service,"[5, 5]",full,"[4, 4]",POS
If you have a dumpling fetish i suggest you try some here !,dumpling,"[4, 4]",try,"[9, 9]",POS
"The food is consistently wonderful - I 've been coming here for years , and the owner has always been accomodating and friendly .",food,"[1, 1]",wonderful,"[4, 4]",POS
"The food is consistently wonderful - I 've been coming here for years , and the owner has always been accomodating and friendly .",owner,"[16, 16]",accomodating,"[20, 20]",POS
"The food is consistently wonderful - I 've been coming here for years , and the owner has always been accomodating and friendly .",owner,"[16, 16]",friendly,"[22, 22]",POS
The waiters and owners were nonchalant about this and promised to call the exterminator but were n't as dismayed or apologetic as I would have expected .,waiters,"[1, 1]",nonchalant,"[5, 5]",NEG
The waiters and owners were nonchalant about this and promised to call the exterminator but were n't as dismayed or apologetic as I would have expected .,owners,"[3, 3]",nonchalant,"[5, 5]",NEG
And the food was fantastic .,food,"[2, 2]",fantastic,"[4, 4]",POS
"Aside from the Sea Urchin , the chef recommended an assortment of fish including Fatty Yellow Tail , Boton Shrimp , Blue Fin Torro ( Fatty Tuna ) , Sea Eel , etc .",assortment of fish,"[10, 12]",recommended,"[8, 8]",NEU
"Aside from the Sea Urchin , the chef recommended an assortment of fish including Fatty Yellow Tail , Boton Shrimp , Blue Fin Torro ( Fatty Tuna ) , Sea Eel , etc .",Fatty Yellow Tail,"[14, 16]",recommended,"[8, 8]",NEU
"Aside from the Sea Urchin , the chef recommended an assortment of fish including Fatty Yellow Tail , Boton Shrimp , Blue Fin Torro ( Fatty Tuna ) , Sea Eel , etc .",Boton Shrimp,"[18, 19]",recommended,"[8, 8]",NEU
"Aside from the Sea Urchin , the chef recommended an assortment of fish including Fatty Yellow Tail , Boton Shrimp , Blue Fin Torro ( Fatty Tuna ) , Sea Eel , etc .",Sea Eel,"[29, 30]",recommended,"[8, 8]",NEU
"Aside from the Sea Urchin , the chef recommended an assortment of fish including Fatty Yellow Tail , Boton Shrimp , Blue Fin Torro ( Fatty Tuna ) , Sea Eel , etc .",Sea Urchin,"[3, 4]",recommended,"[8, 8]",NEU
"Aside from the Sea Urchin , the chef recommended an assortment of fish including Fatty Yellow Tail , Boton Shrimp , Blue Fin Torro ( Fatty Tuna ) , Sea Eel , etc .",Blue Fin Torro ( Fatty Tuna ),"[21, 27]",recommended,"[8, 8]",NEU
"They 're also friendlier here , especially the owner , Kenny .",owner,"[8, 8]",friendlier,"[3, 3]",POS
"While the room is not particularly comfortable , once you 're seated you 'll forget about everything except what 's on your plate .",room,"[2, 2]",not particularly comfortable,"[4, 6]",NEG
"The ambiance is minimal the food is not phenomenal , but some dishes are quite good , such as the eggplant parmesan , veal in carozza chicken saltimbocca .",ambiance,"[1, 1]",minimal,"[3, 3]",POS
"The ambiance is minimal the food is not phenomenal , but some dishes are quite good , such as the eggplant parmesan , veal in carozza chicken saltimbocca .",food,"[5, 5]",not phenomenal,"[7, 8]",NEG
"The ambiance is minimal the food is not phenomenal , but some dishes are quite good , such as the eggplant parmesan , veal in carozza chicken saltimbocca .",dishes,"[12, 12]",good,"[15, 15]",POS
"The ambiance is minimal the food is not phenomenal , but some dishes are quite good , such as the eggplant parmesan , veal in carozza chicken saltimbocca .",eggplant parmesan,"[20, 21]",good,"[15, 15]",POS
"The ambiance is minimal the food is not phenomenal , but some dishes are quite good , such as the eggplant parmesan , veal in carozza chicken saltimbocca .",veal in carozza chicken saltimbocca,"[23, 27]",good,"[15, 15]",POS
The bar has various selections and the mixed drink special is a catcher ! 2 for 1 's .,bar,"[1, 1]",various,"[3, 3]",POS
The bar has various selections and the mixed drink special is a catcher ! 2 for 1 's .,mixed drink special,"[7, 9]",catcher,"[12, 12]",POS
"During the course of the past 3 months , the chef and staff changed and it was not for the better .",chef,"[10, 10]",changed,"[13, 13]",NEG
"During the course of the past 3 months , the chef and staff changed and it was not for the better .",staff,"[12, 12]",changed,"[13, 13]",NEG
"I like the ambience , it 's very dark and original .",ambience,"[3, 3]",like,"[1, 1]",POS
"I like the ambience , it 's very dark and original .",ambience,"[3, 3]",dark,"[8, 8]",POS
"I like the ambience , it 's very dark and original .",ambience,"[3, 3]",original,"[10, 10]",POS
"Overall , not worth the money .",money,"[5, 5]",not worth,"[2, 3]",NEG
This place is not worth the prices .,prices,"[6, 6]",not worth,"[3, 4]",NEG
Pick a bagel has the best bagels in the city .,bagels,"[6, 6]",best,"[5, 5]",POS
Yes you have to wait to be seated and because its small there is no waiting area and the seat at the bar was all taken .,waiting area,"[15, 16]",no,"[14, 14]",NEG
Yes you have to wait to be seated and because its small there is no waiting area and the seat at the bar was all taken .,seat,"[19, 19]",all taken,"[24, 25]",NEG
Yes you have to wait to be seated and because its small there is no waiting area and the seat at the bar was all taken .,bar,"[22, 22]",small,"[11, 11]",NEU
"The last two times I ordered from here my food was soo spicy that I could barely eat it , and the spice took away from the flavor of the dish .",food,"[9, 9]",spicy,"[12, 12]",NEG
"The last two times I ordered from here my food was soo spicy that I could barely eat it , and the spice took away from the flavor of the dish .",dish,"[30, 30]",barely,"[16, 16]",NEG
"The last two times I ordered from here my food was soo spicy that I could barely eat it , and the spice took away from the flavor of the dish .",spice,"[22, 22]",took away,"[23, 24]",NEG
The fried dumplings are GREAT !,fried dumplings,"[1, 2]",GREAT,"[4, 4]",POS
"We figured we never had Argentinian Pizza before so we grabbed our lunch there , sharing a large Pelligrino , a pizza of two of their specials , one was goat cheese the other blue cheese , and both were excellent .",Pelligrino,"[18, 18]",large,"[17, 17]",POS
"We figured we never had Argentinian Pizza before so we grabbed our lunch there , sharing a large Pelligrino , a pizza of two of their specials , one was goat cheese the other blue cheese , and both were excellent .",goat cheese,"[30, 31]",excellent,"[40, 40]",POS
"We figured we never had Argentinian Pizza before so we grabbed our lunch there , sharing a large Pelligrino , a pizza of two of their specials , one was goat cheese the other blue cheese , and both were excellent .",blue cheese,"[34, 35]",excellent,"[40, 40]",POS
The ' kamasutra ' and ' bombay cosmopolitan ' are excellent and will have you tipsy in no time .,kamasutra,"[2, 2]",excellent,"[10, 10]",POS
The ' kamasutra ' and ' bombay cosmopolitan ' are excellent and will have you tipsy in no time .,bombay cosmopolitan,"[6, 7]",excellent,"[10, 10]",POS
This is the perfect date spot for Williamsburg couples .,date spot,"[4, 5]",perfect,"[3, 3]",POS
The dim sum here is only so-so .,dim sum,"[1, 2]",so-so,"[6, 6]",NEU
"Service was slow , but the people were friendly .",Service,"[0, 0]",slow,"[2, 2]",NEG
"Service was slow , but the people were friendly .",people,"[6, 6]",friendly,"[8, 8]",POS
The steak was very fatty and the sauce was overpowering and not very tasty .,steak,"[1, 1]",fatty,"[4, 4]",NEG
The steak was very fatty and the sauce was overpowering and not very tasty .,sauce,"[7, 7]",overpowering,"[9, 9]",NEG
The steak was very fatty and the sauce was overpowering and not very tasty .,sauce,"[7, 7]",not very tasty,"[11, 13]",NEG
"The staff makes you feel at home , the food is great and the atmosphere is WONDERFUL !",staff,"[1, 1]",great,"[11, 11]",POS
"The staff makes you feel at home , the food is great and the atmosphere is WONDERFUL !",food,"[9, 9]",great,"[11, 11]",POS
"The staff makes you feel at home , the food is great and the atmosphere is WONDERFUL !",atmosphere,"[14, 14]",great,"[11, 11]",POS
The food is alright - some stuff is good - some is not ( like the steak dish which tends to be dry ) .,steak dish,"[16, 17]",dry,"[22, 22]",NEG
They have a very diverse menu so its something for everybody .,menu,"[5, 5]",diverse,"[4, 4]",POS
The staff was too busy ordering sushi for dinner and then laying it out to eat on the bar to even bring me my check .,staff,"[1, 1]",busy,"[4, 4]",NEG
The bagel was huge .,bagel,"[1, 1]",huge,"[3, 3]",NEU
"The staff has been nice , but they seemed really stressed and the unisex bathroom needs to be cleaned more often .",bathroom,"[14, 14]",needs to be cleaned,"[15, 18]",NEG
The service was the only thing good about this restaurant .,service,"[1, 1]",good,"[6, 6]",POS
Service -- friendly and attentive .,Service,"[0, 0]",friendly,"[2, 2]",POS
Service -- friendly and attentive .,Service,"[0, 0]",attentive,"[4, 4]",POS
"Great food , great decor , great service .",food,"[1, 1]",Great,"[0, 0]",POS
"Great food , great decor , great service .",decor,"[4, 4]",great,"[3, 3]",POS
"Great food , great decor , great service .",service,"[7, 7]",great,"[6, 6]",POS
"And , atlhough tables opened up next to us and we ASKED for a slightly larger space , they left us awkardly seated .",space,"[16, 16]",larger,"[15, 15]",NEU
"The palak paneer was standard , and I was not a fan of the malai kofta .",palak paneer,"[1, 2]",standard,"[4, 4]",NEU
I 've dined at Alain Ducasse 's restaurant in Monte Carlo for half the price for the same excellent dining experience .,dining,"[19, 19]",excellent,"[18, 18]",POS
There was no ambiance .,ambiance,"[3, 3]",no,"[2, 2]",NEG
"Save your money and do n't waste your calories , go to Margharita 's on Washington Street instead , they have amazing food and the BEST service .",food,"[22, 22]",amazing,"[21, 21]",POS
"Save your money and do n't waste your calories , go to Margharita 's on Washington Street instead , they have amazing food and the BEST service .",service,"[26, 26]",BEST,"[25, 25]",POS
"The only weird thing was if we got a bottle , the waitress would have simply multiplied the glass price X4 , which makes no sense whatsoever .",waitress,"[12, 12]",weird,"[2, 2]",NEG
"They sell special sushi , everything have a topping , sauce and etc .",sushi,"[3, 3]",special,"[2, 2]",POS
"They sell special sushi , everything have a topping , sauce and etc .",sauce,"[10, 10]",special,"[2, 2]",POS
"The place is small and intimate and you may feel a little crowded , but the service is excellent and it 's great for friends out , a romantic date , or a special occassion .",service,"[16, 16]",excellent,"[18, 18]",POS
"The place is small and intimate and you may feel a little crowded , but the service is excellent and it 's great for friends out , a romantic date , or a special occassion .",place,"[1, 1]",small,"[3, 3]",NEG
"The place is small and intimate and you may feel a little crowded , but the service is excellent and it 's great for friends out , a romantic date , or a special occassion .",place,"[1, 1]",intimate,"[5, 5]",NEG
"The place is small and intimate and you may feel a little crowded , but the service is excellent and it 's great for friends out , a romantic date , or a special occassion .",place,"[1, 1]",crowded,"[12, 12]",NEG
The service was excellent and the food was delicious .,service,"[1, 1]",excellent,"[3, 3]",POS
The service was excellent and the food was delicious .,food,"[6, 6]",delicious,"[8, 8]",POS
Service was also very good .,Service,"[0, 0]",good,"[4, 4]",POS
"I took my girlfriend there for her birthday last night and we had a relaxing , really good meal .",meal,"[18, 18]",relaxing,"[14, 14]",POS
"I took my girlfriend there for her birthday last night and we had a relaxing , really good meal .",meal,"[18, 18]",good,"[17, 17]",POS
I 'm happy to have Nosh in the neighborhood and the food is very comforting .,food,"[11, 11]",comforting,"[14, 14]",POS
"Good atmosphere , combination of all the hottest music dress code is relatively strict except on Fridays .",atmosphere,"[1, 1]",Good,"[0, 0]",POS
"Good atmosphere , combination of all the hottest music dress code is relatively strict except on Fridays .",music,"[8, 8]",hottest,"[7, 7]",POS
love the food .,food,"[2, 2]",love,"[0, 0]",POS
I would highly recommend Nina 's to anyone who wants to have a romantic dinner in a heart warming surrounding filled with candles and family pictures .,dinner,"[14, 14]",romantic,"[13, 13]",POS
I would highly recommend Nina 's to anyone who wants to have a romantic dinner in a heart warming surrounding filled with candles and family pictures .,surrounding,"[19, 19]",heart warming,"[17, 18]",POS
There 's something smooth about sipping sake upper east side style .,sake,"[6, 6]",smooth,"[3, 3]",POS
It 's a nice place to relax and have conversation .,place,"[4, 4]",nice,"[3, 3]",POS
Best Reuben sandwich ever !,Reuben sandwich,"[1, 2]",Best,"[0, 0]",POS
Lucky Strike is a great casual place to just grab a bite to eat .,place,"[6, 6]",great casual,"[4, 5]",POS
"Going to Volare is like going to your favorite aunt 's house for dinner , assuming that your aunt is a great Italian cook .",dinner,"[13, 13]",great,"[21, 21]",NEU
"The sushi has been from average to below average , the wait service has always been subpar the atmosphere goes from nice to really irritating ( if you sit in the area beyond the kitchen , the acousitcs are horrid , everything echoes is extremely loud ) .",sushi,"[1, 1]",below average,"[7, 8]",NEG
"The sushi has been from average to below average , the wait service has always been subpar the atmosphere goes from nice to really irritating ( if you sit in the area beyond the kitchen , the acousitcs are horrid , everything echoes is extremely loud ) .",wait service,"[11, 12]",subpar,"[16, 16]",NEG
"The sushi has been from average to below average , the wait service has always been subpar the atmosphere goes from nice to really irritating ( if you sit in the area beyond the kitchen , the acousitcs are horrid , everything echoes is extremely loud ) .",area,"[31, 31]",loud,"[45, 45]",NEG
Frites were delicious if a bit on the thick side .,Frites,"[0, 0]",delicious,"[2, 2]",POS
I would recommend putting your name down and then getting a drink at a local bar first though because of the wait time .,drink,"[11, 11]",recommend,"[2, 2]",NEU
I would recommend putting your name down and then getting a drink at a local bar first though because of the wait time .,bar,"[15, 15]",recommend,"[2, 2]",NEU
I fell in love with the egg noodles in the beef broth with shrimp dumplings and slices of BBQ roast pork .,egg noodles in the beef broth with shrimp dumplings and slices of BBQ roast pork,"[6, 20]",love,"[3, 3]",POS
"Overall , the best bagel in town .",bagel,"[4, 4]",best,"[3, 3]",POS
"Light , refreshing summer rolls ( not fried ) remind me of Vietnamese places in Paris .",summer rolls,"[3, 4]",refreshing,"[2, 2]",POS
The sushi seemed pretty fresh and was adequately proportioned .,sushi,"[1, 1]",fresh,"[4, 4]",POS
The sushi seemed pretty fresh and was adequately proportioned .,sushi,"[1, 1]",proportioned,"[8, 8]",POS
but the service was a bit slow .,service,"[2, 2]",slow,"[6, 6]",NEG
Spreads and toppings are great - though a bit pricey .,Spreads,"[0, 0]",great,"[4, 4]",POS
Spreads and toppings are great - though a bit pricey .,Spreads,"[0, 0]",pricey,"[9, 9]",POS
Spreads and toppings are great - though a bit pricey .,toppings,"[2, 2]",great,"[4, 4]",POS
Spreads and toppings are great - though a bit pricey .,toppings,"[2, 2]",pricey,"[9, 9]",POS
Indoor was very cozy and cute .,Indoor,"[0, 0]",cozy,"[3, 3]",POS
Indoor was very cozy and cute .,Indoor,"[0, 0]",cute,"[5, 5]",POS
We had a 3 hour brunch- they definitely do not rush you- and they kept the unlimited mimosas flowing the whole time .,mimosas,"[17, 17]",unlimited,"[16, 16]",POS
"The service was excellent , the food was excellent , but the entire experience was very cool .",service,"[1, 1]",excellent,"[3, 3]",POS
"The service was excellent , the food was excellent , but the entire experience was very cool .",food,"[6, 6]",excellent,"[8, 8]",POS
The service is good and the resturant is clean .,service,"[1, 1]",good,"[3, 3]",POS
"The cafe itself was really nice with comfortable outdoor chairs and tables , but the service could have been better .",cafe,"[1, 1]",nice,"[5, 5]",POS
"The cafe itself was really nice with comfortable outdoor chairs and tables , but the service could have been better .",outdoor chairs,"[8, 9]",comfortable,"[7, 7]",POS
"The cafe itself was really nice with comfortable outdoor chairs and tables , but the service could have been better .",tables,"[11, 11]",comfortable,"[7, 7]",POS
"The cafe itself was really nice with comfortable outdoor chairs and tables , but the service could have been better .",service,"[15, 15]",better,"[19, 19]",NEG
I 've rarely had a problem with slow staff in the 10 years I 've been going .,staff,"[8, 8]",slow,"[7, 7]",POS
Food is excellent .,Food,"[0, 0]",excellent,"[2, 2]",POS
Although we were looking for regular lettuce and some walnuts the salads we got were great .,salads,"[11, 11]",great,"[15, 15]",POS
Although we were looking for regular lettuce and some walnuts the salads we got were great .,lettuce,"[6, 6]",great,"[15, 15]",NEU
Although we were looking for regular lettuce and some walnuts the salads we got were great .,walnuts,"[9, 9]",great,"[15, 15]",NEU
Excellent lunch buffet for only $ 6.95 .,lunch buffet,"[1, 2]",Excellent,"[0, 0]",POS
"Ambience is so cute and quaint , good for business although we were there on vacation .",Ambience,"[0, 0]",cute,"[3, 3]",POS
"Ambience is so cute and quaint , good for business although we were there on vacation .",Ambience,"[0, 0]",quaint,"[5, 5]",POS
"Ambience is so cute and quaint , good for business although we were there on vacation .",Ambience,"[0, 0]",good,"[7, 7]",POS
"The portion sizes here are huge , and the sushi is good .",portion sizes,"[1, 2]",huge,"[5, 5]",POS
"The portion sizes here are huge , and the sushi is good .",sushi,"[9, 9]",good,"[11, 11]",POS
"Good food at the restaurant ( a bit expensive , but great if you want to impress your date ) .",food,"[1, 1]",Good,"[0, 0]",POS
I highly recommend Caviar Russe to anyone who wants delicious top grade caviar and fantastic service .,caviar,"[12, 12]",delicious top grade,"[9, 11]",POS
I highly recommend Caviar Russe to anyone who wants delicious top grade caviar and fantastic service .,service,"[15, 15]",fantastic,"[14, 14]",POS
I have eaten there 3-4 times and the food was always good .,food,"[8, 8]",good,"[11, 11]",POS
"Grilled whole fish wonderful , great spicing .",fish,"[2, 2]",wonderful,"[3, 3]",POS
"Grilled whole fish wonderful , great spicing .",fish,"[2, 2]",great,"[5, 5]",POS
"For years , I thought Tuscan cuisine was the best , but Salvatore converted me to the hearty Neapolitan fare on my first visit .",Neapolitan fare,"[18, 19]",hearty,"[17, 17]",POS
The service was great as well .,service,"[1, 1]",great,"[3, 3]",POS
Another plus is most of the entrees are approx .,entrees,"[6, 6]",plus,"[1, 1]",POS
From the moment we walked in they were more than accomodating even though the place was packed .,place,"[14, 14]",packed,"[16, 16]",NEG
"I found the food , service and value exceptional everytime I have been there .",food,"[3, 3]",exceptional,"[8, 8]",POS
"I found the food , service and value exceptional everytime I have been there .",service,"[5, 5]",exceptional,"[8, 8]",POS
"I found the food , service and value exceptional everytime I have been there .",value,"[7, 7]",exceptional,"[8, 8]",POS
We ate at this Thai place following the reviews but very unhappy with the foods .,foods,"[14, 14]",unhappy,"[11, 11]",NEG
"The food is definitely good , but I left a bit disappointed .",food,"[1, 1]",good,"[4, 4]",POS
"The food is definitely good , but I left a bit disappointed .",food,"[1, 1]",disappointed,"[11, 11]",POS
"The drinks are a saving grace , but service staff , please , get over yourselves .",drinks,"[1, 1]",saving grace,"[4, 5]",POS
There is a downside if you 're ordering in -- the delivery guys have MAJOR attitude .,delivery guys,"[11, 12]",downside,"[3, 3]",NEG
The all-Italian staff is warm and engaging from the start .,staff,"[2, 2]",warm,"[4, 4]",POS
The all-Italian staff is warm and engaging from the start .,staff,"[2, 2]",engaging,"[6, 6]",POS
The prices are exceptionally reasonable for food of this caliber .,prices,"[1, 1]",reasonable,"[4, 4]",POS
The filet mignon dish was superb !,filet mignon dish,"[1, 3]",superb,"[5, 5]",POS
I had been a regular due to the consistently good food and ease of getting a table .,food,"[10, 10]",good,"[9, 9]",POS
I had been a regular due to the consistently good food and ease of getting a table .,getting a table,"[14, 16]",ease,"[12, 12]",POS
"I did n't expect to like Nosh as much as I did , but the pastrami on challah sandwich I had was otherworldly , the soups are like Mom 's , and the knishes give Yonah Schimmel 's a run for its money .",pastrami on challah sandwich,"[15, 18]",otherworldly,"[22, 22]",POS
"The atmosphere is nothing special , but it feels like a Sushi establishment in Tokyo .",atmosphere,"[1, 1]",nothing special,"[3, 4]",NEU
Cozy romantic atomosphere with only around 15 tables at most .,atomosphere,"[2, 2]",Cozy romantic,"[0, 1]",POS
This place is worth going even if only for their beer .,beer,"[10, 10]",worth going,"[3, 4]",POS
"The ambience was so fun , and the prices were great , on top of the fact that the food was really tasty .",ambience,"[1, 1]",fun,"[4, 4]",POS
"The ambience was so fun , and the prices were great , on top of the fact that the food was really tasty .",prices,"[8, 8]",great,"[10, 10]",POS
"The ambience was so fun , and the prices were great , on top of the fact that the food was really tasty .",food,"[19, 19]",tasty,"[22, 22]",POS
The sandwhiches are out of this world !,sandwhiches,"[1, 1]",out of this world,"[3, 6]",POS
Decor is charming .,Decor,"[0, 0]",charming,"[2, 2]",POS
The food was very well prepared .,food,"[1, 1]",well prepared,"[4, 5]",POS
"Good , because hey , it 's more food , but bad because dim sum is supposed to be smaller portions so you can try out more dishes and smaller so that each dish is cheap .",dim sum,"[13, 14]",bad,"[11, 11]",NEG
"Good , because hey , it 's more food , but bad because dim sum is supposed to be smaller portions so you can try out more dishes and smaller so that each dish is cheap .",dim sum,"[13, 14]",smaller,"[19, 19]",NEG
"Good , because hey , it 's more food , but bad because dim sum is supposed to be smaller portions so you can try out more dishes and smaller so that each dish is cheap .",food,"[8, 8]",more,"[7, 7]",POS
"Good , because hey , it 's more food , but bad because dim sum is supposed to be smaller portions so you can try out more dishes and smaller so that each dish is cheap .",portions,"[20, 20]",smaller,"[19, 19]",NEG
"Good , because hey , it 's more food , but bad because dim sum is supposed to be smaller portions so you can try out more dishes and smaller so that each dish is cheap .",dishes,"[27, 27]",cheap,"[35, 35]",NEU
"Good , because hey , it 's more food , but bad because dim sum is supposed to be smaller portions so you can try out more dishes and smaller so that each dish is cheap .",dish,"[33, 33]",cheap,"[35, 35]",NEU
"While most people can attest to spending over $ 50 on drinks in New York bars and hardly feeling a thing , the drinks here are plentiful and unique .",drinks,"[23, 23]",plentiful,"[26, 26]",POS
"While most people can attest to spending over $ 50 on drinks in New York bars and hardly feeling a thing , the drinks here are plentiful and unique .",drinks,"[23, 23]",unique,"[28, 28]",POS
"Complimentary stuff kept coming , and when the waiter saw me opening a gift , I received my dessert on a plate that had Happy Birthday written on it , with a candlevery nice touch , and attentive staff .",stuff,"[1, 1]",Complimentary,"[0, 0]",POS
"Complimentary stuff kept coming , and when the waiter saw me opening a gift , I received my dessert on a plate that had Happy Birthday written on it , with a candlevery nice touch , and attentive staff .",staff,"[38, 38]",attentive,"[37, 37]",POS
"The food arrived 20 minutes after I called , cold and soggy .",food,"[1, 1]",cold,"[9, 9]",NEG
"The food arrived 20 minutes after I called , cold and soggy .",food,"[1, 1]",soggy,"[11, 11]",NEG
"If you go for the pre-theatre menu , it 's an even greater deal .",pre-theatre menu,"[5, 6]",greater,"[12, 12]",POS
"If you are someone who appreciates simplicity , elegance , and wonderfully presented and tasting seafood and vegetables regardless of portion size , Kai is your place .",seafood,"[15, 15]",wonderfully presented,"[11, 12]",POS
"If you are someone who appreciates simplicity , elegance , and wonderfully presented and tasting seafood and vegetables regardless of portion size , Kai is your place .",seafood,"[15, 15]",tasting,"[14, 14]",POS
"If you are someone who appreciates simplicity , elegance , and wonderfully presented and tasting seafood and vegetables regardless of portion size , Kai is your place .",vegetables,"[17, 17]",wonderfully presented,"[11, 12]",POS
"If you are someone who appreciates simplicity , elegance , and wonderfully presented and tasting seafood and vegetables regardless of portion size , Kai is your place .",vegetables,"[17, 17]",tasting,"[14, 14]",POS
We usually just get some of the dinner specials and they are very reasonably priced and very tasty .,dinner specials,"[7, 8]",reasonably priced,"[13, 14]",POS
We usually just get some of the dinner specials and they are very reasonably priced and very tasty .,dinner specials,"[7, 8]",tasty,"[17, 17]",POS
We usually just get some of the dinner specials and they are very reasonably priced and very tasty .,priced,"[14, 14]",reasonably,"[13, 13]",POS
Horrible food and horrible service .,food,"[1, 1]",Horrible,"[0, 0]",NEG
Horrible food and horrible service .,service,"[4, 4]",horrible,"[3, 3]",NEG
They treated us well and the food was extremely fresh and well-prepared .,food,"[6, 6]",fresh,"[9, 9]",POS
They treated us well and the food was extremely fresh and well-prepared .,food,"[6, 6]",well-prepared,"[11, 11]",POS
Their exotic salad is basic ly a delicious little green salad with a peanut sauce that is perfect before their sweet basil fried tofu .,exotic salad,"[1, 2]",delicious,"[7, 7]",POS
Their exotic salad is basic ly a delicious little green salad with a peanut sauce that is perfect before their sweet basil fried tofu .,green salad,"[9, 10]",delicious little,"[7, 8]",POS
Their exotic salad is basic ly a delicious little green salad with a peanut sauce that is perfect before their sweet basil fried tofu .,peanut sauce,"[13, 14]",perfect,"[17, 17]",POS
"Even if the food was n't this good , the garden is a great place to sit outside and relax .",food,"[3, 3]",was n't this good,"[4, 7]",POS
"Even if the food was n't this good , the garden is a great place to sit outside and relax .",garden,"[10, 10]",great,"[13, 13]",POS
"Even if the food was n't this good , the garden is a great place to sit outside and relax .",place,"[14, 14]",great,"[13, 13]",POS
"Volare virgins or weekly regulars , everyone gets treated the same and you ca n't ask for more than that when the service is this friendly .",service,"[22, 22]",friendly,"[25, 25]",POS
"The food came out wrong , the waiter was no where to be found and the wine showed up at the end of the meal .",food,"[1, 1]",wrong,"[4, 4]",NEG
"The chicken and steak were seasoned and cooked to perfection , and the lamb sandwhich is great for heartier appetites .",chicken,"[1, 1]",seasoned,"[5, 5]",POS
"The chicken and steak were seasoned and cooked to perfection , and the lamb sandwhich is great for heartier appetites .",chicken,"[1, 1]",perfection,"[9, 9]",POS
"The chicken and steak were seasoned and cooked to perfection , and the lamb sandwhich is great for heartier appetites .",steak,"[3, 3]",seasoned,"[5, 5]",POS
"The chicken and steak were seasoned and cooked to perfection , and the lamb sandwhich is great for heartier appetites .",steak,"[3, 3]",perfection,"[9, 9]",POS
"The chicken and steak were seasoned and cooked to perfection , and the lamb sandwhich is great for heartier appetites .",lamb sandwhich,"[13, 14]",great,"[16, 16]",POS
The food was great and the service was even better .,food,"[1, 1]",great,"[3, 3]",POS
The food was great and the service was even better .,service,"[6, 6]",better,"[9, 9]",POS
"While this can hardly be called a restaurant , it is possibly the best deal in Manhatten : $ 4 for a plate heaped with rice and 2-3 entrees .",rice,"[25, 25]",best,"[13, 13]",POS
"While this can hardly be called a restaurant , it is possibly the best deal in Manhatten : $ 4 for a plate heaped with rice and 2-3 entrees .",entrees,"[28, 28]",best,"[13, 13]",POS
Traditional French decour was pleasant though the hall was rather noisy - the restaurant was full and we had to raise our voices to be able to maintain a conversation .,Traditional French decour,"[0, 2]",pleasant,"[4, 4]",POS
Traditional French decour was pleasant though the hall was rather noisy - the restaurant was full and we had to raise our voices to be able to maintain a conversation .,hall,"[7, 7]",noisy,"[10, 10]",NEG
My son and his girlfriend both wanted cheeseburgers and they were huge !,cheeseburgers,"[7, 7]",huge,"[11, 11]",POS
I really recommend the very simple Unda ( Egg ) rolls .,Unda ( Egg ) rolls,"[6, 10]",recommend,"[2, 2]",POS
I really recommend the very simple Unda ( Egg ) rolls .,Unda ( Egg ) rolls,"[6, 10]",simple,"[5, 5]",POS
Very good wine choices .,wine choices,"[2, 3]",good,"[1, 1]",POS
"This is the only Thai place I go too in NYC , it 's wonderful , and live relaxed Jazz on certain nights .",Jazz,"[19, 19]",relaxed,"[18, 18]",POS
We were seated and ignored by waitstaff .,waitstaff,"[6, 6]",ignored,"[4, 4]",NEG
"Tasty steak , pork loin , the works .",steak,"[1, 1]",Tasty,"[0, 0]",POS
"Tasty steak , pork loin , the works .",pork loin,"[3, 4]",Tasty,"[0, 0]",POS
I 'd highly recommend it for a special occasion -- it provides and intimate setting and nice service .,setting,"[14, 14]",intimate,"[13, 13]",POS
I 'd highly recommend it for a special occasion -- it provides and intimate setting and nice service .,service,"[17, 17]",nice,"[16, 16]",POS
"The burger was great , also .",burger,"[1, 1]",great,"[3, 3]",POS
"they did give a 15 % discount at the end , was n't enough , as they knew the service was horrible .",discount,"[6, 6]",was n't enough,"[11, 13]",NEG
"they did give a 15 % discount at the end , was n't enough , as they knew the service was horrible .",service,"[19, 19]",horrible,"[21, 21]",NEG
The pizza was great .,pizza,"[1, 1]",great,"[3, 3]",POS
I had never had Edamame pureed before but I thought it was innovative and tasty ( could 've used a bit more salt ) .,Edamame pureed,"[4, 5]",innovative,"[12, 12]",POS
I had never had Edamame pureed before but I thought it was innovative and tasty ( could 've used a bit more salt ) .,Edamame pureed,"[4, 5]",tasty,"[14, 14]",POS
"however , it 's the service that leaves a bad taste in my mouth .",service,"[5, 5]",bad taste,"[9, 10]",NEG
The price was extremely reasonable for the appetizers and food we ate .,price,"[1, 1]",reasonable,"[4, 4]",POS
"Do n't dine at Tamarind for the vegetarian dishes , they are simply not up to par with the non-veg selections .",vegetarian dishes,"[7, 8]",not up to par,"[13, 16]",NEG
They need a kick out of it but until then the sushi is pretty good and the place is consistent .,sushi,"[11, 11]",good,"[14, 14]",POS
They need a kick out of it but until then the sushi is pretty good and the place is consistent .,place,"[17, 17]",consistent,"[19, 19]",POS
I 've had to wait only a few times during lunch but this place is definitely worth the wait .,wait,"[18, 18]",worth,"[16, 16]",POS
I 've had to wait only a few times during lunch but this place is definitely worth the wait .,wait,"[4, 4]",worth the wait,"[16, 18]",POS
All in all the food was above average and I would return to see how they operate with four or less dinners .,food,"[4, 4]",above average,"[6, 7]",POS
"Delicious food , excellent service , and a pretty atmosphere make this a great choice for dinner and the $ 5.99 lunch buffet makes it an even better choice for lunch !",food,"[1, 1]",Delicious,"[0, 0]",POS
"Delicious food , excellent service , and a pretty atmosphere make this a great choice for dinner and the $ 5.99 lunch buffet makes it an even better choice for lunch !",service,"[4, 4]",excellent,"[3, 3]",POS
"Delicious food , excellent service , and a pretty atmosphere make this a great choice for dinner and the $ 5.99 lunch buffet makes it an even better choice for lunch !",atmosphere,"[9, 9]",pretty,"[8, 8]",POS
"Delicious food , excellent service , and a pretty atmosphere make this a great choice for dinner and the $ 5.99 lunch buffet makes it an even better choice for lunch !",lunch buffet,"[21, 22]",better,"[27, 27]",POS
"Delicious food , excellent service , and a pretty atmosphere make this a great choice for dinner and the $ 5.99 lunch buffet makes it an even better choice for lunch !",dinner,"[16, 16]",great,"[13, 13]",POS
"Delicious food , excellent service , and a pretty atmosphere make this a great choice for dinner and the $ 5.99 lunch buffet makes it an even better choice for lunch !",lunch,"[30, 30]",better,"[27, 27]",POS
"For appetizers , I recommend the shrimp fritters and dumplings .",shrimp fritters,"[6, 7]",recommend,"[4, 4]",POS
"For appetizers , I recommend the shrimp fritters and dumplings .",dumplings,"[9, 9]",recommend,"[4, 4]",POS
Such nice people working here - but I have to review the food .,people,"[2, 2]",nice,"[1, 1]",POS
"The restaurant is dark and not very attractive and then you have spot lights shining on you putting you in the worst light possible , reaching for sunglasses .",spot lights,"[12, 13]",worst,"[21, 21]",NEG
"Great wine , great food .",wine,"[1, 1]",Great,"[0, 0]",POS
"Great wine , great food .",food,"[4, 4]",great,"[3, 3]",POS
"The service was mediocre , and the lack of air conditioning made for a less than comfortable meal .",service,"[1, 1]",mediocre,"[3, 3]",NEU
"The service was mediocre , and the lack of air conditioning made for a less than comfortable meal .",air conditioning,"[9, 10]",lack,"[7, 7]",NEG
"The service was mediocre , and the lack of air conditioning made for a less than comfortable meal .",meal,"[17, 17]",comfortable,"[16, 16]",NEG
The food and staff always surprise me with the new heights they are taken to .,food,"[1, 1]",surprise,"[5, 5]",POS
The food and staff always surprise me with the new heights they are taken to .,staff,"[3, 3]",surprise,"[5, 5]",POS
honestly the worst sushi my husband and i had in our entire lives .,sushi,"[3, 3]",worst,"[2, 2]",NEG
"However , if you want great food at a great price and do n't mind the decor , you ca n't beat this place .",food,"[6, 6]",great,"[5, 5]",POS
"However , if you want great food at a great price and do n't mind the decor , you ca n't beat this place .",price,"[10, 10]",great,"[9, 9]",POS
"However , if you want great food at a great price and do n't mind the decor , you ca n't beat this place .",decor,"[16, 16]",do n't mind,"[12, 14]",NEG
What makes this restaurant special are the authentic sichuan cooking and being the only one in NYC that offers authentic chongqing hotpot .,sichuan cooking,"[8, 9]",authentic,"[7, 7]",POS
What makes this restaurant special are the authentic sichuan cooking and being the only one in NYC that offers authentic chongqing hotpot .,chongqing hotpot,"[20, 21]",authentic,"[19, 19]",POS
Interesting other dishes for a change include chicken in curry sauce and salmon caserole .,dishes,"[2, 2]",Interesting,"[0, 0]",POS
Interesting other dishes for a change include chicken in curry sauce and salmon caserole .,salmon caserole,"[12, 13]",Interesting,"[0, 0]",POS
"One of my favorites though was the Angry Lobster , a cold lobster salad that was magnificent .",Angry Lobster,"[7, 8]",favorites,"[3, 3]",POS
"One of my favorites though was the Angry Lobster , a cold lobster salad that was magnificent .",cold lobster salad,"[11, 13]",magnificent,"[16, 16]",POS
"Ask for Usha , the nicest bartender in manhattan .",bartender,"[6, 6]",nicest,"[5, 5]",POS
The service is outstanding and my crab-cake eggs benedict could not have been better .,service,"[1, 1]",outstanding,"[3, 3]",POS
The service is outstanding and my crab-cake eggs benedict could not have been better .,crab-cake eggs benedict,"[6, 8]",could not have been better,"[9, 13]",POS
The place 's decor and hidden bathrooms made for a good laugh .,decor,"[3, 3]",good laugh,"[10, 11]",POS
The place 's decor and hidden bathrooms made for a good laugh .,bathrooms,"[6, 6]",good laugh,"[10, 11]",POS
"Its location is good and the fact that Hutner College is near and their prices are very reasonable , makes students go back to Suan again and again .",location,"[1, 1]",good,"[3, 3]",POS
"Its location is good and the fact that Hutner College is near and their prices are very reasonable , makes students go back to Suan again and again .",prices,"[14, 14]",reasonable,"[17, 17]",POS
Deliveries often take up to an hour and the prices are higher than most other pizzerias in the area .,prices,"[9, 9]",higher,"[11, 11]",NEG
"Because of the delicate thin crust , take-out pies get soggy in their boxes .",take-out pies,"[7, 8]",soggy,"[10, 10]",NEG
"Because of the delicate thin crust , take-out pies get soggy in their boxes .",crust,"[5, 5]",delicate,"[3, 3]",NEG
This place is always very crowded and popular .,place,"[1, 1]",crowded,"[5, 5]",POS
This place is always very crowded and popular .,place,"[1, 1]",popular,"[7, 7]",POS
The selection changes frequently but the basic dishes are always available .,selection,"[1, 1]",changes frequently,"[2, 3]",NEU
The selection changes frequently but the basic dishes are always available .,basic dishes,"[6, 7]",available,"[10, 10]",NEU
I have to say that if this what makes it easier to get a saet a lunch -- I dont mind .,lunch,"[16, 16]",easier,"[10, 10]",NEU
We were told that they were booked solid and no other table was available .,table,"[11, 11]",available,"[13, 13]",NEG
After dealing with subpar pizza all over the Kensington neighborhood - I 've found little toninos .,pizza,"[4, 4]",subpar,"[3, 3]",NEG
"Each table has a pot of boiling water sunken into its surface , and you get platters of thin sliced meats , various vegetables , and rice and glass noodles .",meats,"[20, 20]",thin,"[18, 18]",NEU
"Each table has a pot of boiling water sunken into its surface , and you get platters of thin sliced meats , various vegetables , and rice and glass noodles .",vegetables,"[23, 23]",various,"[22, 22]",NEU
